Workbook

Sheet Lookup
B2: MASTER
B3: Sl. No. | C3: Bus Stop ID | D3: Bus Stop Locations | E3: Type | G3: Sl. No. | H3: Bus Stop ID | I3: Type "A" Bus Stop Locations | K3: Sl. No. | L3: Bus Stop ID | M3: Type "B" Bus Stop Locations | O3: Sl. No. | P3: Bus Stop ID | Q3: Type "C" Bus Stop Locations | S3: Service Type
B4: 1 | C4: 6291 | D4: Glenn View Station at Walmart | E4: A | G4: 1 | H4: 5774 | I4: Durham Station | K4: 1 | L4: 5169 | M4: Morehead Ave at Moreland Ave (EB) | O4: 1 | P4: 1866 | Q4: NC 54 at Triangle Dr (EB) | S4: Inspected -Found all OK
B5: 2 | C5: 5445 | D5: Raynor St at The Village (WB) | E5: A | G5: 2 | H5: 6291 | I5: Glenn View Station at Walmart | K5: 2 | L5: 5570 | M5: Garrett Rd at Durham-Chapel Hill Blvd ( | O5: 2 | P5: 6603 | Q5: New Castle Rd at Wyldewood Rd (NB) | S5: Cleaning + Trash Removal
B6: 3 | C6: 1406 | D6: Renaissance Pkwy at Southpoint Mall | E6: A | G6: 3 | H6: 5445 | I6: Raynor St at The Village (WB) | K6: 3 | L6: 5690 | M6: NC 54 at NC 55 (EB) | O6: 3 | P6: 5281 | Q6: Dearborn Dr at Maplewood Dr (SB) | S6: Damage Repair
B7: 4 | C7: 6146 | D7: Fayetteville St at Pilot St (NB) | E7: A | G7: 4 | H7: 1406 | I7: Renaissance Pkwy at Southpoint Mall | K7: 4 | L7: 5701 | M7: Fayetteville St at Price Ave | O7: 4 | P7: 6627 | Q7: NC 55 at Service Station | S7: landscaping
B8: 5 | C8: 5148 | D8: E Main St at Alston Ave (WB) | E8: A | G8: 5 | H8: 6146 | I8: Fayetteville St at Pilot St (NB) | K8: 5 | L8: 6495 | M8: Martin Luther King Jr Pkwy at Bay Point | O8: 5 | P8: 5816 | Q8: Fayetteville St at Dunstan St | S8: Power wash
B9: 6 | C9: 5663 | D9: New Hope Commons | E9: A | G9: 6 | H9: 5148 | I9: E Main St at Alston Ave (WB) | K9: 6 | L9: 5718 | M9: LaSalle St at Campus Walk Dr (Holly Hil | O9: 6 | P9: 6473 | Q9: Chapel Hill Rd at Valley Terrace (NB) | S9: Others
B10: 7 | C10: 6203 | D10: Horton Rd at Guess Rd (Harris Teeter) | E10: A | G10: 7 | H10: 5663 | I10: New Hope Commons | K10: 7 | L10: 6663 | M10: Fayetteville Rd at Hillside High School | O10: 7 | P10: 5139 | Q10: Gregson St at Dacian Ave
B11: 8 | C11: 5513 | D11: Roxboro Rd at Horton Rd | E11: A | G11: 8 | H11: 6203 | I11: Horton Rd at Guess Rd (Harris Teeter) | K11: 8 | L11: 6317 | M11: Pettigrew St at Mangum St (EB) | O11: 8 | P11: 5700 | Q11: Roxboro St at Summit St
B12: 9 | C12: 5394 | D12: Chapel Hill Rd at Palmer St (EB) | E12: A | G12: 9 | H12: 5513 | I12: Roxboro Rd at Horton Rd | K12: 9 | L12: 5999 | M12: Chapel Hill Rd at W Cornwallis Rd (NB) | O12: 9 | P12: 6210 | Q12: Hillandale Rd at Pinetree Ct
B13: 10 | C13: 6297 | D13: Roxboro Rd at Liberty St | E13: A | G13: 10 | H13: 5394 | I13: Chapel Hill Rd at Palmer St (EB) | K13: 10 | L13: 6306 | M13: E Main St at Corcoran St (EB) | O13: 10 | P13: 5584 | Q13: Hardee St at Fiske St
B14: 11 | C14: 6068 | D14: Erwin Rd at Downing St (WB) | E14: A | G14: 11 | H14: 6297 | I14: Roxboro Rd at Liberty St | K14: 11 | L14: 6390 | M14: Main St at Broad St (WB) | O14: 11 | P14: 5499 | Q14: Meriwether Dr at Pickwick Trail (NB)
B15: 12 | C15: 6095 | D15: Duke Regional Hospital (SB) | E15: A | G15: 12 | H15: 6068 | I15: Erwin Rd at Downing St (WB) | K15: 12 | L15: 5864 | M15: University Dr at Hill St | O15: 12 | P15: 5340 | Q15: Morehead Ave at Kent St (WB)
B16: 13 | C16: 6620 | D16: Garrett Rd at Durham-Chapel Hill Blvd ( | E16: A | G16: 13 | H16: 6095 | I16: Duke Regional Hospital (SB) | K16: 13 | L16: 5983 | M16: Duke St at Kinder Care | O16: 13 | P16: 5648 | Q16: LaSalle St at Campus Walk Ave (Belmont
B17: 14 | C17: 6309 | D17: Dillard St at E Main St (Urban Ministri | E17: A | G17: 14 | H17: 6620 | I17: Garrett Rd at Durham-Chapel Hill Blvd ( | K17: 14 | L17: 5233 | M17: Freeman Rd at Clayton Rd (Southern HS) | O17: 14 | P17: 6605 | Q17: Horton Rd at Delbert Ave (WB)
B18: 15 | C18: 6104 | D18: Fulton St at Erwin Rd (Duke Hospital) | E18: A | G18: 15 | H18: 6309 | I18: Dillard St at E Main St (Urban Ministri | K18: 15 | L18: 5313 | M18: Alston Ave at Lawson St (SB) | O18: 15 | P18: 6530 | Q18: Junction Rd at Ross Rd
B19: 16 | C19: 6489 | D19: Raynor St at The Village (EB) | E19: A | G19: 16 | H19: 6104 | I19: Fulton St at Erwin Rd (Duke Hospital) | K19: 16 | L19: 5162 | M19: Willard St at Yancey St (Ramada Inn) | O19: 16 | P19: 5325 | Q19: Meriwether Dr at Carver Pond Apts
B20: 17 | C20: 5654 | D20: Horton Rd at Roxboro Rd | E20: A | G20: 17 | H20: 6489 | I20: Raynor St at The Village (EB) | K20: 17 | L20: 6387 | M20: Main St at Gregson St (WB) | O20: 17 | P20: 6730 | Q20: WEST AVE AT HEBRON RD
B21: 18 | C21: 5653 | D21: Fayetteville St at Riddle Rd (NB) | E21: A | G21: 18 | H21: 5654 | I21: Horton Rd at Roxboro Rd | K21: 18 | L21: 5118 | M21: Martin Luther King Jr Pkwy at Lake Camp | O21: 18 | P21: 6336 | Q21: Gregson St at Main St (Brightleaf Squar
... B152: 149 | C152: 5570 | D152: Garrett Rd at Durham-Chapel Hill Blvd ( | E152: B | G152: 149 | H152: 5396 | I152: Fayetteville St at Red Oak Ave (NB) | K152: 149 | L152: 5876 | M152: Ross Rd at Melbourne St | O152: 149 | P152: 5206 | Q152: Lawson St at Rosewood St (Eastbound)
B153: 150 | C153: 5690 | D153: NC 54 at NC 55 (EB) | E153: B | K153: 150 | L153: 5215 | M153: Fayetteville St at Lawson St (SB) | O153: 150 | P153: 5368 | Q153: Meriwether Dr at E Carver St (SB)
B154: 151 | C154: 5701 | D154: Fayetteville St at Price Ave | E154: B | K154: 151 | L154: 5285 | M154: Chapel Hill Rd at Valley Terrace (SB) | O154: 151 | P154: 5837 | Q154: Roxboro Rd at Infinity Rd
B155: 152 | C155: 6495 | D155: Martin Luther King Jr Pkwy at Bay Point | E155: B | K155: 152 | L155: 5947 | M155: E Weaver St at Cornwallis Rd | O155: 152 | P155: 6660 | Q155: Taylor St at Gary St (WB)
B156: 153 | C156: 5718 | D156: LaSalle St at Campus Walk Dr (Holly Hil | E156: B | K156: 153 | L156: 6270 | M156: TW Alexander Dr at Creekside Townhomes | O156: 153 | P156: 6664 | Q156: TW Alexander Dr at Fun Park Dr
B157: 154 | C157: 6663 | D157: Fayetteville Rd at Hillside High School | E157: B | K157: 154 | L157: 5102 | M157: Shirley St at Crest St | O157: 154 | P157: 5857 | Q157: Riddle Rd at Triangle Day Care (NB)
B158: 155 | C158: 6317 | D158: Pettigrew St at Mangum St (EB) | E158: B | K158: 155 | L158: 6599 | M158: Lawson St at Concord St (WB) | O158: 155 | P158: 5316 | Q158: Lawson St at DTCC Public Safety (EB)
B159: 156 | C159: 5999 | D159: Chapel Hill Rd at W Cornwallis Rd (NB) | E159: B | K159: 156 | L159: 5996 | M159: Meriwether Dr at Old Oxford Rd (NB) | O159: 156 | P159: 6243 | Q159: W Geer St at Rigsbee Ave
B160: 157 | C160: 6306 | D160: E Main St at Corcoran St (EB) | E160: B | K160: 157 | L160: 6258 | M160: Fayetteville Rd at Tralea Dr (Mt Zion C | O160: 157 | P160: 5860 | Q160: Roxboro Rd at Channing Ave (SB)
B161: 158 | C161: 6390 | D161: Main St at Broad St (WB) | E161: B | K161: 158 | L161: 6169 | M161: LaSalle St at Duke Manor Apts (NB) | O161: 158 | P161: 1161 | Q161: NC 54 at Residence Inn Blvd (EB)
B162: 159 | C162: 5864 | D162: University Dr at Hill St | E162: B | K162: 159 | L162: 5091 | M162: E Club Blvd at Glenbrook Dr (SB) | O162: 159 | P162: 5370 | Q162: Dearborn Dr at Martin St
B163: 160 | C163: 5983 | D163: Duke St at Kinder Care | E163: B | K163: 160 | L163: 5357 | M163: Fayetteville St at Cecil St (SB) | O163: 160 | P163: 6073 | Q163: Gary St at N Miami Blvd (SB)
B164: 161 | C164: 5233 | D164: Freeman Rd at Clayton Rd (Southern HS) | E164: B | K164: 161 | L164: 5498 | M164: Holloway St at Guthrie Ave (EB) | O164: 161 | P164: 789999 | Q164: DUKE ST AT HOLT SCHOOL RD
... B205: 202 | C205: 5042 | D205: University Dr at Weymouth St (WB) | E205: B | K205: 202 | L205: 5115 | M205: Alston Ave at Dayton St (SB) | O205: 202 | P205: 5826 | Q205: Roxboro Rd at Ellerbee St (SB)
B206: 203 | C206: 5319 | D206: Old Oxford Rd at Danube Ln (EB) | E206: B | O206: 203 | P206: 5938 | Q206: S Roxboro St at Erie St (SB)
B207: 204 | C207: 6729 | D207: DANUBE LN AT HEBRON RD | E207: B | O207: 204 | P207: 5672 | Q207: Fayetteville St at Timothy Ave (SB)
B208: 205 | C208: 5119 | D208: Roxboro Rd at Ellerbee St (NB) | E208: B | O208: 205 | P208: 5616 | Q208: Cornwallis Rd at Yorktown Ave (SB)
B209: 206 | C209: 6246 | D209: Geer St at Rigsbee Ave | E209: B | O209: 206 | P209: 6137 | Q209: Capps St at Bacon St (EB)
B210: 207 | C210: 6446 | D210: S Alston Ave at Capitola Dr (SB) | E210: B | O210: 207 | P210: 5650 | Q210: Durham-Chapel Hill Blvd at Hope Valley
B211: 208 | C211: 5679 | D211: Crutchfield St at Crabtree Ave | E211: B | O211: 208 | P211: 6263 | Q211: Miami Blvd at Ellis Rd (Bethesda Elemen
B212: 209 | C212: 5084 | D212: Old Farm Rd at Roxboro St (JFK Towers) | E212: B | O212: 209 | P212: 6157 | Q212: Club Blvd at Lindbergh St
B213: 210 | C213: 6439 | D213: Fayetteville St at Umsted St | E213: B | O213: 210 | P213: 5506 | Q213: Lawson St at DTCC Library (WB)
B214: 211 | C214: 5460 | D214: Erwin Rd at LaSalle St (EB) | E214: B | O214: 211 | P214: 6345 | Q214: Taylor St at Driver St (Holton Career C
B215: 212 | C215: 5599 | D215: Riddle Rd at Fayetteville Rd | E215: B | O215: 212 | P215: 5269 | Q215: Stadium Dr at Horton Rd
B216: 213 | C216: 6598 | D216: Lawson Ave at Fayetteville St | E216: B | O216: 213 | P216: 1566 | Q216: Slater Rd at S Miami Blvd (Zaxbys)
B217: 214 | C217: 5433 | D217: Main St at Morgan St (WB) | E217: B | O217: 214 | P217: 5125 | Q217: Hillsborough Rd at W Knox St
... B557: 554 | C557: 5616 | D557: Cornwallis Rd at Yorktown Ave (SB) | E557: C | O557: 554 | P557: 6532 | Q557: TW Alexander Dr at Roche Dr (Implus)
B558: 555 | C558: 6137 | D558: Capps St at Bacon St (EB) | E558: C
B559: 556 | C559: 5650 | D559: Durham-Chapel Hill Blvd at Hope Valley | E559: C
B560: 557 | C560: 6263 | D560: Miami Blvd at Ellis Rd (Bethesda Elemen | E560: C
B561: 558 | C561: 6157 | D561: Club Blvd at Lindbergh St | E561: C
B562: 559 | C562: 5506 | D562: Lawson St at DTCC Library (WB) | E562: C
B563: 560 | C563: 6345 | D563: Taylor St at Driver St (Holton Career C | E563: C
B564: 561 | C564: 5269 | D564: Stadium Dr at Horton Rd | E564: C
B565: 562 | C565: 1566 | D565: Slater Rd at S Miami Blvd (Zaxbys) | E565: C
B566: 563 | C566: 5125 | D566: Hillsborough Rd at W Knox St | E566: C
B567: 564 | C567: 5865 | D567: Chapel Hill Rd at McGehee St (SB) | E567: C
B568: 565 | C568: 5064 | D568: Otis St at Red Oak Ave | E568: C
B569: 566 | C569: 5282 | D569: Hillsborough Rd at W Main St | E569: C
... B906: 903 | C906: 6532 | D906: TW Alexander Dr at Roche Dr (Implus) | E906: C

Sheet JAN 25
B1: BUS STOP MAINTENANCE TRACKER JANUARY 2025
B3: Bus Stop ID | C3: Bus Stop Locations | D3: Type | E3: Requested Service | F3: Service Request Received on | G3: Work Order sent to Contractor on | H3: Work Executed on (Mandatory) | I3: Requested Service | J3: Service Request Received on | K3: Work Order sent to Contractor on | L3: Work Executed on (Mandatory) | M3: Requested Service | N3: Service Request Received on | O3: Work Order sent to Contractor on | P3: Work Executed on (Mandatory) | Q3: Total number of Executions per Bus Stop
B4: =Lookup!C443 -> 1072 | C4: =Lookup!D443 -> Old Chapel Hill Rd at Garrett Rd (EB) | D4: =Lookup!E443 -> C | Q4: =IF(H4="",0,1)+IF(L4="",0,1)+IF(P4="",0,1) -> 0
B5: =Lookup!C776 -> 1074 | C5: =Lookup!D776 -> University Dr at American Red Cross | D5: =Lookup!E776 -> C | Q5: =IF(H5="",0,1)+IF(L5="",0,1)+IF(P5="",0,1) -> 0
B6: =Lookup!C273 -> 1075 | C6: =Lookup!D273 -> University Dr at Ivy Creek Blvd | D6: =Lookup!E273 -> B | Q6: =IF(H6="",0,1)+IF(L6="",0,1)+IF(P6="",0,1) -> 0
B7: =Lookup!C435 -> 1160 | C7: =Lookup!D435 -> NC 54 at Blanchard Rd (EB) | D7: =Lookup!E435 -> C | Q7: =IF(H7="",0,1)+IF(L7="",0,1)+IF(P7="",0,1) -> 0
B8: =Lookup!C510 -> 1161 | C8: =Lookup!D510 -> NC 54 at Residence Inn Blvd (EB) | D8: =Lookup!E510 -> C | Q8: =IF(H8="",0,1)+IF(L8="",0,1)+IF(P8="",0,1) -> 0
B9: =Lookup!C588 -> 1171 | C9: =Lookup!D588 -> NC 54 at Blanchard Rd (WB) | D9: =Lookup!E588 -> C | Q9: =IF(H9="",0,1)+IF(L9="",0,1)+IF(P9="",0,1) -> 0
B10: =Lookup!C545 -> 1175 | C10: =Lookup!D545 -> NC 54 at Fayetteville Rd (Duke Health) | D10: =Lookup!E545 -> C | Q10: =IF(H10="",0,1)+IF(L10="",0,1)+IF(P10="",0,1) -> 0
B11: =Lookup!C735 -> 1221 | C11: =Lookup!D735 -> Slater Rd at Page Rd (Imperial Point) | D11: =Lookup!E735 -> C | Q11: =IF(H11="",0,1)+IF(L11="",0,1)+IF(P11="",0,1) -> 0
B12: =Lookup!C877 -> 1222 | C12: =Lookup!D877 -> Slater Rd at Emperor Blvd (Chelsea Place) | D12: =Lookup!E877 -> C | Q12: =IF(H12="",0,1)+IF(L12="",0,1)+IF(P12="",0,1) -> 0
B13: =Lookup!C6 -> 1406 | C13: =Lookup!D6 -> Renaissance Pkwy at Southpoint Mall | D13: =Lookup!E6 -> A | Q13: =IF(H13="",0,1)+IF(L13="",0,1)+IF(P13="",0,1) -> 0
B14: =Lookup!C660 -> 1499 | C14: =Lookup!D660 -> Slater Rd at Page Rd (Coastal Credit Union) | D14: =Lookup!E660 -> C | Q14: =IF(H14="",0,1)+IF(L14="",0,1)+IF(P14="",0,1) -> 0
B15: =Lookup!C336 -> 1553 | C15: =Lookup!D336 -> Erwin Rd at Towerview Rd | D15: =Lookup!E336 -> B | Q15: =IF(H15="",0,1)+IF(L15="",0,1)+IF(P15="",0,1) -> 0
B16: =Lookup!C817 -> 1556 | C16: =Lookup!D817 -> NC 54 at New Millennium Way (EB) | D16: =Lookup!E817 -> C | Q16: =IF(H16="",0,1)+IF(L16="",0,1)+IF(P16="",0,1) -> 0
B17: =Lookup!C749 -> 1557 | C17: =Lookup!D749 -> NC 54 at New Millennium Way (WB) | D17: =Lookup!E749 -> C | Q17: =IF(H17="",0,1)+IF(L17="",0,1)+IF(P17="",0,1) -> 0
B18: =Lookup!C274 -> 1558 | C18: =Lookup!D274 -> Slater Rd at Creekstone Dr (Duke Medicine) | D18: =Lookup!E274 -> B | Q18: =IF(H18="",0,1)+IF(L18="",0,1)+IF(P18="",0,1) -> 0
B19: =Lookup!C892 -> 1563 | C19: =Lookup!D892 -> Slater Rd at Emperor Blvd (Bright Horiz | D19: =Lookup!E892 -> C | Q19: =IF(H19="",0,1)+IF(L19="",0,1)+IF(P19="",0,1) -> 0
B20: =Lookup!C565 -> 1566 | C20: =Lookup!D565 -> Slater Rd at S Miami Blvd (Zaxbys) | D20: =Lookup!E565 -> C | Q20: =IF(H20="",0,1)+IF(L20="",0,1)+IF(P20="",0,1) -> 0
B21: =Lookup!C869 -> 1732 | C21: =Lookup!D869 -> Stirrup Creek at Twin Creek Ct | D21: =Lookup!E869 -> C | Q21: =IF(H21="",0,1)+IF(L21="",0,1)+IF(P21="",0,1) -> 0
B22: =Lookup!C876 -> 1776 | C22: =Lookup!D876 -> Slater Rd at GoTriangle Admin Office | D22: =Lookup!E876 -> C | Q22: =IF(H22="",0,1)+IF(L22="",0,1)+IF(P22="",0,1) -> 0
B23: =Lookup!C777 -> 1777 | C23: =Lookup!D777 -> Slater Rd at Sheraton Hotel | D23: =Lookup!E777 -> C | Q23: =IF(H23="",0,1)+IF(L23="",0,1)+IF(P23="",0,1) -> 0
B24: =Lookup!C500 -> 1781 | C24: =Lookup!D500 -> NC 54 at Revere Rd (EB) | D24: =Lookup!E500 -> C | Q24: =IF(H24="",0,1)+IF(L24="",0,1)+IF(P24="",0,1) -> 0
B25: =Lookup!C738 -> 1804 | C25: =Lookup!D738 -> Renaissance Pkwy at Leonardo Dr (WB) | D25: =Lookup!E738 -> C | Q25: =IF(H25="",0,1)+IF(L25="",0,1)+IF(P25="",0,1) -> 0
B26: =Lookup!C374 -> 1805 | C26: =Lookup!D374 -> NC 54 at Amhurst St | D26: =Lookup!E374 -> C | Q26: =IF(H26="",0,1)+IF(L26="",0,1)+IF(P26="",0,1) -> 0
B27: =Lookup!C893 -> 1860 | C27: =Lookup!D893 -> NC 54 at Park Dr (EB) | D27: =Lookup!E893 -> C | Q27: =IF(H27="",0,1)+IF(L27="",0,1)+IF(P27="",0,1) -> 0
B28: =Lookup!C888 -> 1861 | C28: =Lookup!D888 -> NC 54 at Park Dr (First Citizens Bank) | D28: =Lookup!E888 -> C | Q28: =IF(H28="",0,1)+IF(L28="",0,1)+IF(P28="",0,1) -> 0
B29: =Lookup!C879 -> 1863 | C29: =Lookup!D879 -> NC 54 at Park Office Dr (The Frontier) | D29: =Lookup!E879 -> C | Q29: =IF(H29="",0,1)+IF(L29="",0,1)+IF(P29="",0,1) -> 0
B30: =Lookup!C857 -> 1864 | C30: =Lookup!D857 -> NC 54 at Research Triangle High School | D30: =Lookup!E857 -> C | Q30: =IF(H30="",0,1)+IF(L30="",0,1)+IF(P30="",0,1) -> 0
B31: =Lookup!C740 -> 1865 | C31: =Lookup!D740 -> NC 54 at Triangle Dr (WB) | D31: =Lookup!E740 -> C | Q31: =IF(H31="",0,1)+IF(L31="",0,1)+IF(P31="",0,1) -> 0
B32: =Lookup!C353 -> 1866 | C32: =Lookup!D353 -> NC 54 at Triangle Dr (EB) | D32: =Lookup!E353 -> C | Q32: =IF(H32="",0,1)+IF(L32="",0,1)+IF(P32="",0,1) -> 0
B33: =Lookup!C202 -> 1892 | C33: =Lookup!D202 -> Fayetteville Rd at Renaissance Pkwy | D33: =Lookup!E202 -> B | Q33: =IF(H33="",0,1)+IF(L33="",0,1)+IF(P33="",0,1) -> 0
B34: =Lookup!C479 -> 1893 | C34: =Lookup!D479 -> NC 54 at The Hamptons Apts (EB) | D34: =Lookup!E479 -> C | Q34: =IF(H34="",0,1)+IF(L34="",0,1)+IF(P34="",0,1) -> 0
B35: =Lookup!C61 -> 1901 | C35: =Lookup!D61 -> McFarland Dr at Witherspoon Blvd (Patte | D35: =Lookup!E61 -> A | Q35: =IF(H35="",0,1)+IF(L35="",0,1)+IF(P35="",0,1) -> 0
B36: =Lookup!C595 -> 1914 | C36: =Lookup!D595 -> University Dr at University Pl (EB) | D36: =Lookup!E595 -> C | Q36: =IF(H36="",0,1)+IF(L36="",0,1)+IF(P36="",0,1) -> 0
B37: =Lookup!C611 -> 5002 | C37: =Lookup!D611 -> Riddle Rd at Ancroft Ave (NB) | D37: =Lookup!E611 -> C | Q37: =IF(H37="",0,1)+IF(L37="",0,1)+IF(P37="",0,1) -> 0
B38: =Lookup!C201 -> 5004 | C38: =Lookup!D201 -> Alston Ave at Main St | D38: =Lookup!E201 -> B | Q38: =IF(H38="",0,1)+IF(L38="",0,1)+IF(P38="",0,1) -> 0
B39: =Lookup!C838 -> 5005 | C39: =Lookup!D838 -> Cornwallis Rd at Industry Ln | D39: =Lookup!E838 -> C | Q39: =IF(H39="",0,1)+IF(L39="",0,1)+IF(P39="",0,1) -> 0
B40: =Lookup!C889 -> 5006 | C40: =Lookup!D889 -> Alston Ave at Durham Freeway (NB) | D40: =Lookup!E889 -> C | Q40: =IF(H40="",0,1)+IF(L40="",0,1)+IF(P40="",0,1) -> 0
B41: =Lookup!C240 -> 5008 | C41: =Lookup!D240 -> S Alston Ave at Massey Ave (NB) | D41: =Lookup!E240 -> B | Q41: =IF(H41="",0,1)+IF(L41="",0,1)+IF(P41="",0,1) -> 0
B42: =Lookup!C466 -> 5017 | C42: =Lookup!D466 -> Chapel Hill Rd at McGehee St (NB) | D42: =Lookup!E466 -> C | Q42: =IF(H42="",0,1)+IF(L42="",0,1)+IF(P42="",0,1) -> 0
B43: =Lookup!C821 -> 5018 | C43: =Lookup!D821 -> Morehead Ave at Vickers Ave (WB) | D43: =Lookup!E821 -> C | Q43: =IF(H43="",0,1)+IF(L43="",0,1)+IF(P43="",0,1) -> 0
B44: =Lookup!C191 -> 5019 | C44: =Lookup!D191 -> Club Blvd at Chandlers Garage | D44: =Lookup!E191 -> B | Q44: =IF(H44="",0,1)+IF(L44="",0,1)+IF(P44="",0,1) -> 0
B45: =Lookup!C478 -> 5020 | C45: =Lookup!D478 -> Fayetteville Rd at Laurel Springs Dr | D45: =Lookup!E478 -> C | Q45: =IF(H45="",0,1)+IF(L45="",0,1)+IF(P45="",0,1) -> 0
B46: =Lookup!C482 -> 5021 | C46: =Lookup!D482 -> Chapel Hill Rd at W Cornwallis Rd (SB1) | D46: =Lookup!E482 -> C | Q46: =IF(H46="",0,1)+IF(L46="",0,1)+IF(P46="",0,1) -> 0
B47: =Lookup!C646 -> 5022 | C47: =Lookup!D646 -> N Alston Ave at Drew St (SB) | D47: =Lookup!E646 -> C | Q47: =IF(H47="",0,1)+IF(L47="",0,1)+IF(P47="",0,1) -> 0
B48: =Lookup!C669 -> 5023 | C48: =Lookup!D669 -> Avondale Dr at E Markham Ave (SB) | D48: =Lookup!E669 -> C | Q48: =IF(H48="",0,1)+IF(L48="",0,1)+IF(P48="",0,1) -> 0
B49: =Lookup!C739 -> 5027 | C49: =Lookup!D739 -> Club Blvd at Gregson St | D49: =Lookup!E739 -> C | Q49: =IF(H49="",0,1)+IF(L49="",0,1)+IF(P49="",0,1) -> 0
B50: =Lookup!C408 -> 5030 | C50: =Lookup!D408 -> Duke St at Main St | D50: =Lookup!E408 -> C | Q50: =IF(H50="",0,1)+IF(L50="",0,1)+IF(P50="",0,1) -> 0
B51: =Lookup!C529 -> 5031 | C51: =Lookup!D529 -> Carver St at Guess Rd | D51: =Lookup!E529 -> C | Q51: =IF(H51="",0,1)+IF(L51="",0,1)+IF(P51="",0,1) -> 0
B52: =Lookup!C894 -> 5032 | C52: =Lookup!D894 -> Roxboro Rd at Hammond St | D52: =Lookup!E894 -> C | Q52: =IF(H52="",0,1)+IF(L52="",0,1)+IF(P52="",0,1) -> 0
B53: =Lookup!C131 -> 5033 | C53: =Lookup!D131 -> Roxboro Rd at Bush Dr | D53: =Lookup!E131 -> A | Q53: =IF(H53="",0,1)+IF(L53="",0,1)+IF(P53="",0,1) -> 0
B54: =Lookup!C762 -> 5035 | C54: =Lookup!D762 -> Angier Ave at Pleasant Dr | D54: =Lookup!E762 -> C | Q54: =IF(H54="",0,1)+IF(L54="",0,1)+IF(P54="",0,1) -> 0
B55: =Lookup!C856 -> 5038 | C55: =Lookup!D856 -> Liberty St at Queen St | D55: =Lookup!E856 -> C | Q55: =IF(H55="",0,1)+IF(L55="",0,1)+IF(P55="",0,1) -> 0
B56: =Lookup!C136 -> 5039 | C56: =Lookup!D136 -> Fayetteville St at Piedmont Ave (SB) | D56: =Lookup!E136 -> A | Q56: =IF(H56="",0,1)+IF(L56="",0,1)+IF(P56="",0,1) -> 0
B57: =Lookup!C205 -> 5042 | C57: =Lookup!D205 -> University Dr at Weymouth St (WB) | D57: =Lookup!E205 -> B | Q57: =IF(H57="",0,1)+IF(L57="",0,1)+IF(P57="",0,1) -> 0
B58: =Lookup!C335 -> 5043 | C58: =Lookup!D335 -> Holloway St at Adams St (EB) | D58: =Lookup!E335 -> B | Q58: =IF(H58="",0,1)+IF(L58="",0,1)+IF(P58="",0,1) -> 0
B59: =Lookup!C397 -> 5044 | C59: =Lookup!D397 -> Duke St at Harper Pl | D59: =Lookup!E397 -> C | Q59: =IF(H59="",0,1)+IF(L59="",0,1)+IF(P59="",0,1) -> 0
B60: =Lookup!C668 -> 5045 | C60: =Lookup!D668 -> Roxboro Rd at Edgewood Dr | D60: =Lookup!E668 -> C | Q60: =IF(H60="",0,1)+IF(L60="",0,1)+IF(P60="",0,1) -> 0
B61: =Lookup!C755 -> 5047 | C61: =Lookup!D755 -> Roxboro Rd at Markham Ave (south) | D61: =Lookup!E755 -> C | Q61: =IF(H61="",0,1)+IF(L61="",0,1)+IF(P61="",0,1) -> 0
B62: =Lookup!C833 -> 5048 | C62: =Lookup!D833 -> Chapel Hill Rd at Pinecrest Rd | D62: =Lookup!E833 -> C | Q62: =IF(H62="",0,1)+IF(L62="",0,1)+IF(P62="",0,1) -> 0
B63: =Lookup!C602 -> 5054 | C63: =Lookup!D602 -> University Dr at Larchmont Dr | D63: =Lookup!E602 -> C | Q63: =IF(H63="",0,1)+IF(L63="",0,1)+IF(P63="",0,1) -> 0
B64: =Lookup!C782 -> 5055 | C64: =Lookup!D782 -> Gregson St at Englewood Ave | D64: =Lookup!E782 -> C | Q64: =IF(H64="",0,1)+IF(L64="",0,1)+IF(P64="",0,1) -> 0
B65: =Lookup!C629 -> 5056 | C65: =Lookup!D629 -> Lawson St at Sima Ave (EB) | D65: =Lookup!E629 -> C | Q65: =IF(H65="",0,1)+IF(L65="",0,1)+IF(P65="",0,1) -> 0
B66: =Lookup!C719 -> 5057 | C66: =Lookup!D719 -> Angier Ave at Driver St (EB) | D66: =Lookup!E719 -> C | Q66: =IF(H66="",0,1)+IF(L66="",0,1)+IF(P66="",0,1) -> 0
B67: =Lookup!C537 -> 5060 | C67: =Lookup!D537 -> Dearborn Dr at Ruth St | D67: =Lookup!E537 -> C | Q67: =IF(H67="",0,1)+IF(L67="",0,1)+IF(P67="",0,1) -> 0
B68: =Lookup!C171 -> 5063 | C68: =Lookup!D171 -> NC 54 at Residence Inn Blvd (WB) | D68: =Lookup!E171 -> B | Q68: =IF(H68="",0,1)+IF(L68="",0,1)+IF(P68="",0,1) -> 0
B69: =Lookup!C568 -> 5064 | C69: =Lookup!D568 -> Otis St at Red Oak Ave | D69: =Lookup!E568 -> C | Q69: =IF(H69="",0,1)+IF(L69="",0,1)+IF(P69="",0,1) -> 0
B70: =Lookup!C385 -> 5067 | C70: =Lookup!D385 -> Mangum St at Geer St | D70: =Lookup!E385 -> C | Q70: =IF(H70="",0,1)+IF(L70="",0,1)+IF(P70="",0,1) -> 0
B71: =Lookup!C382 -> 5075 | C71: =Lookup!D382 -> Milton Rd at Eno Valley Elementary (SB) | D71: =Lookup!E382 -> C | Q71: =IF(H71="",0,1)+IF(L71="",0,1)+IF(P71="",0,1) -> 0
B72: =Lookup!C329 -> 5078 | C72: =Lookup!D329 -> Trent Dr at Duke Hospital South (WB) | D72: =Lookup!E329 -> B | Q72: =IF(H72="",0,1)+IF(L72="",0,1)+IF(P72="",0,1) -> 0
B73: =Lookup!C86 -> 5080 | C73: =Lookup!D86 -> Fayetteville St at Homeland Ave (NB) | D73: =Lookup!E86 -> A | Q73: =IF(H73="",0,1)+IF(L73="",0,1)+IF(P73="",0,1) -> 0
B74: =Lookup!C845 -> 5081 | C74: =Lookup!D845 -> Trent Dr at Duke Circle Parking Deck | D74: =Lookup!E845 -> C | Q74: =IF(H74="",0,1)+IF(L74="",0,1)+IF(P74="",0,1) -> 0
B75: =Lookup!C212 -> 5084 | C75: =Lookup!D212 -> Old Farm Rd at Roxboro St (JFK Towers) | D75: =Lookup!E212 -> B | Q75: =IF(H75="",0,1)+IF(L75="",0,1)+IF(P75="",0,1) -> 0
B76: =Lookup!C430 -> 5088 | C76: =Lookup!D430 -> S Alston Ave at Massey Ave (SB) | D76: =Lookup!E430 -> C | Q76: =IF(H76="",0,1)+IF(L76="",0,1)+IF(P76="",0,1) -> 0
B77: =Lookup!C873 -> 5089 | C77: =Lookup!D873 -> Duke St at Englewood Ave | D77: =Lookup!E873 -> C | Q77: =IF(H77="",0,1)+IF(L77="",0,1)+IF(P77="",0,1) -> 0
B78: =Lookup!C309 -> 5091 | C78: =Lookup!D309 -> E Club Blvd at Glenbrook Dr (SB) | D78: =Lookup!E309 -> B | Q78: =IF(H78="",0,1)+IF(L78="",0,1)+IF(P78="",0,1) -> 0
B79: =Lookup!C497 -> 5093 | C79: =Lookup!D497 -> University Dr at South Square Mall | D79: =Lookup!E497 -> C | Q79: =IF(H79="",0,1)+IF(L79="",0,1)+IF(P79="",0,1) -> 0
B80: =Lookup!C709 -> 5094 | C80: =Lookup!D709 -> Lakewood Ave at Blackwell St | D80: =Lookup!E709 -> C | Q80: =IF(H80="",0,1)+IF(L80="",0,1)+IF(P80="",0,1) -> 0
B81: =Lookup!C386 -> 5097 | C81: =Lookup!D386 -> Roxboro Rd at Murray Ave | D81: =Lookup!E386 -> C | Q81: =IF(H81="",0,1)+IF(L81="",0,1)+IF(P81="",0,1) -> 0
B82: =Lookup!C461 -> 5099 | C82: =Lookup!D461 -> Carver St at Patrick Henry Dr (EB) | D82: =Lookup!E461 -> C | Q82: =IF(H82="",0,1)+IF(L82="",0,1)+IF(P82="",0,1) -> 0
B83: =Lookup!C458 -> 5100 | C83: =Lookup!D458 -> Weaver St at Weaver St Park | D83: =Lookup!E458 -> C | Q83: =IF(H83="",0,1)+IF(L83="",0,1)+IF(P83="",0,1) -> 0
B84: =Lookup!C895 -> 5101 | C84: =Lookup!D895 -> E Club Blvd at Thorne St | D84: =Lookup!E895 -> C | Q84: =IF(H84="",0,1)+IF(L84="",0,1)+IF(P84="",0,1) -> 0
B85: =Lookup!C304 -> 5102 | C85: =Lookup!D304 -> Shirley St at Crest St | D85: =Lookup!E304 -> B | Q85: =IF(H85="",0,1)+IF(L85="",0,1)+IF(P85="",0,1) -> 0
B86: =Lookup!C29 -> 5105 | C86: =Lookup!D29 -> Duke Regional Hospital (NB) | D86: =Lookup!E29 -> A | Q86: =IF(H86="",0,1)+IF(L86="",0,1)+IF(P86="",0,1) -> 0
B87: =Lookup!C95 -> 5106 | C87: =Lookup!D95 -> Erwin Rd at Research Dr | D87: =Lookup!E95 -> A | Q87: =IF(H87="",0,1)+IF(L87="",0,1)+IF(P87="",0,1) -> 0
B88: =Lookup!C428 -> 5110 | C88: =Lookup!D428 -> Fayetteville Rd at Wortley Dr | D88: =Lookup!E428 -> C | Q88: =IF(H88="",0,1)+IF(L88="",0,1)+IF(P88="",0,1) -> 0
B89: =Lookup!C223 -> 5111 | C89: =Lookup!D223 -> Lawson St at Merrick St (Pearson Cafete | D89: =Lookup!E223 -> B | Q89: =IF(H89="",0,1)+IF(L89="",0,1)+IF(P89="",0,1) -> 0
B90: =Lookup!C598 -> 5112 | C90: =Lookup!D598 -> Angier Ave at Commonwealth St | D90: =Lookup!E598 -> C | Q90: =IF(H90="",0,1)+IF(L90="",0,1)+IF(P90="",0,1) -> 0
B91: =Lookup!C262 -> 5113 | C91: =Lookup!D262 -> Blackwell St at Forest Hills Apts (SB) | D91: =Lookup!E262 -> B | Q91: =IF(H91="",0,1)+IF(L91="",0,1)+IF(P91="",0,1) -> 0
B92: =Lookup!C352 -> 5115 | C92: =Lookup!D352 -> Alston Ave at Dayton St (SB) | D92: =Lookup!E352 -> B | Q92: =IF(H92="",0,1)+IF(L92="",0,1)+IF(P92="",0,1) -> 0
B93: =Lookup!C785 -> 5116 | C93: =Lookup!D785 -> Roxboro St at Duke St (Autozone) | D93: =Lookup!E785 -> C | Q93: =IF(H93="",0,1)+IF(L93="",0,1)+IF(P93="",0,1) -> 0
B94: =Lookup!C168 -> 5118 | C94: =Lookup!D168 -> Martin Luther King Jr Pkwy at Lake Camp | D94: =Lookup!E168 -> B | Q94: =IF(H94="",0,1)+IF(L94="",0,1)+IF(P94="",0,1) -> 0
B95: =Lookup!C208 -> 5119 | C95: =Lookup!D208 -> Roxboro Rd at Ellerbee St (NB) | D95: =Lookup!E208 -> B | Q95: =IF(H95="",0,1)+IF(L95="",0,1)+IF(P95="",0,1) -> 0
B96: =Lookup!C98 -> 5121 | C96: =Lookup!D98 -> University Dr at Weymouth St (Near) | D96: =Lookup!E98 -> A | Q96: =IF(H96="",0,1)+IF(L96="",0,1)+IF(P96="",0,1) -> 0
B97: =Lookup!C566 -> 5125 | C97: =Lookup!D566 -> Hillsborough Rd at W Knox St | D97: =Lookup!E566 -> C | Q97: =IF(H97="",0,1)+IF(L97="",0,1)+IF(P97="",0,1) -> 0
B98: =Lookup!C137 -> 5126 | C98: =Lookup!D137 -> Avondale Dr at E Knox St (SB) | D98: =Lookup!E137 -> A | Q98: =IF(H98="",0,1)+IF(L98="",0,1)+IF(P98="",0,1) -> 0
B99: =Lookup!C37 -> 5127 | C99: =Lookup!D37 -> Seven Oaks Rd at Riverview Shopping Center | D99: =Lookup!E37 -> A | Q99: =IF(H99="",0,1)+IF(L99="",0,1)+IF(P99="",0,1) -> 0
B100: =Lookup!C401 -> 5128 | C100: =Lookup!D401 -> Roxboro Rd at Monk Rd (SB) | D100: =Lookup!E401 -> C | Q100: =IF(H100="",0,1)+IF(L100="",0,1)+IF(P100="",0,1) -> 0
B101: =Lookup!C666 -> 5129 | C101: =Lookup!D666 -> NC 54 at The Hamptons Apts (WB) | D101: =Lookup!E666 -> C | Q101: =IF(H101="",0,1)+IF(L101="",0,1)+IF(P101="",0,1) -> 0
...

Sheet FEB 25
B1: BUS STOP MAINTENANCE TRACKER FEBRUARY 2025
B3: Bus Stop ID | C3: Bus Stop Locations | D3: Type | E3: Requested Service | F3: Service Request Received on | G3: Work Order sent to Contractor on | H3: Work Executed on (Mandatory) | I3: Requested Service | J3: Service Request Received on | K3: Work Order sent to Contractor on | L3: Work Executed on (Mandatory) | M3: Requested Service | N3: Service Request Received on | O3: Work Order sent to Contractor on | P3: Work Executed on (Mandatory) | Q3: Total number of Executions per Bus Stop
B4: =Lookup!C443 -> 1072 | C4: =Lookup!D443 -> Old Chapel Hill Rd at Garrett Rd (EB) | D4: =Lookup!E443 -> C | Q4: =IF(H4="",0,1)+IF(L4="",0,1)+IF(P4="",0,1) -> 0
B5: =Lookup!C776 -> 1074 | C5: =Lookup!D776 -> University Dr at American Red Cross | D5: =Lookup!E776 -> C | Q5: =IF(H5="",0,1)+IF(L5="",0,1)+IF(P5="",0,1) -> 0
B6: =Lookup!C273 -> 1075 | C6: =Lookup!D273 -> University Dr at Ivy Creek Blvd | D6: =Lookup!E273 -> B | Q6: =IF(H6="",0,1)+IF(L6="",0,1)+IF(P6="",0,1) -> 0
B7: =Lookup!C435 -> 1160 | C7: =Lookup!D435 -> NC 54 at Blanchard Rd (EB) | D7: =Lookup!E435 -> C | Q7: =IF(H7="",0,1)+IF(L7="",0,1)+IF(P7="",0,1) -> 0
B8: =Lookup!C510 -> 1161 | C8: =Lookup!D510 -> NC 54 at Residence Inn Blvd (EB) | D8: =Lookup!E510 -> C | Q8: =IF(H8="",0,1)+IF(L8="",0,1)+IF(P8="",0,1) -> 0
B9: =Lookup!C588 -> 1171 | C9: =Lookup!D588 -> NC 54 at Blanchard Rd (WB) | D9: =Lookup!E588 -> C | Q9: =IF(H9="",0,1)+IF(L9="",0,1)+IF(P9="",0,1) -> 0
B10: =Lookup!C545 -> 1175 | C10: =Lookup!D545 -> NC 54 at Fayetteville Rd (Duke Health) | D10: =Lookup!E545 -> C | Q10: =IF(H10="",0,1)+IF(L10="",0,1)+IF(P10="",0,1) -> 0
B11: =Lookup!C735 -> 1221 | C11: =Lookup!D735 -> Slater Rd at Page Rd (Imperial Point) | D11: =Lookup!E735 -> C | Q11: =IF(H11="",0,1)+IF(L11="",0,1)+IF(P11="",0,1) -> 0
B12: =Lookup!C877 -> 1222 | C12: =Lookup!D877 -> Slater Rd at Emperor Blvd (Chelsea Place) | D12: =Lookup!E877 -> C | Q12: =IF(H12="",0,1)+IF(L12="",0,1)+IF(P12="",0,1) -> 0
B13: =Lookup!C6 -> 1406 | C13: =Lookup!D6 -> Renaissance Pkwy at Southpoint Mall | D13: =Lookup!E6 -> A | Q13: =IF(H13="",0,1)+IF(L13="",0,1)+IF(P13="",0,1) -> 0
B14: =Lookup!C660 -> 1499 | C14: =Lookup!D660 -> Slater Rd at Page Rd (Coastal Credit Union) | D14: =Lookup!E660 -> C | Q14: =IF(H14="",0,1)+IF(L14="",0,1)+IF(P14="",0,1) -> 0
B15: =Lookup!C336 -> 1553 | C15: =Lookup!D336 -> Erwin Rd at Towerview Rd | D15: =Lookup!E336 -> B | Q15: =IF(H15="",0,1)+IF(L15="",0,1)+IF(P15="",0,1) -> 0
B16: =Lookup!C817 -> 1556 | C16: =Lookup!D817 -> NC 54 at New Millennium Way (EB) | D16: =Lookup!E817 -> C | Q16: =IF(H16="",0,1)+IF(L16="",0,1)+IF(P16="",0,1) -> 0
B17: =Lookup!C749 -> 1557 | C17: =Lookup!D749 -> NC 54 at New Millennium Way (WB) | D17: =Lookup!E749 -> C | Q17: =IF(H17="",0,1)+IF(L17="",0,1)+IF(P17="",0,1) -> 0
B18: =Lookup!C274 -> 1558 | C18: =Lookup!D274 -> Slater Rd at Creekstone Dr (Duke Medicine) | D18: =Lookup!E274 -> B | Q18: =IF(H18="",0,1)+IF(L18="",0,1)+IF(P18="",0,1) -> 0
B19: =Lookup!C892 -> 1563 | C19: =Lookup!D892 -> Slater Rd at Emperor Blvd (Bright Horiz | D19: =Lookup!E892 -> C | Q19: =IF(H19="",0,1)+IF(L19="",0,1)+IF(P19="",0,1) -> 0
B20: =Lookup!C565 -> 1566 | C20: =Lookup!D565 -> Slater Rd at S Miami Blvd (Zaxbys) | D20: =Lookup!E565 -> C | Q20: =IF(H20="",0,1)+IF(L20="",0,1)+IF(P20="",0,1) -> 0
B21: =Lookup!C869 -> 1732 | C21: =Lookup!D869 -> Stirrup Creek at Twin Creek Ct | D21: =Lookup!E869 -> C | Q21: =IF(H21="",0,1)+IF(L21="",0,1)+IF(P21="",0,1) -> 0
B22: =Lookup!C876 -> 1776 | C22: =Lookup!D876 -> Slater Rd at GoTriangle Admin Office | D22: =Lookup!E876 -> C | Q22: =IF(H22="",0,1)+IF(L22="",0,1)+IF(P22="",0,1) -> 0
B23: =Lookup!C777 -> 1777 | C23: =Lookup!D777 -> Slater Rd at Sheraton Hotel | D23: =Lookup!E777 -> C | Q23: =IF(H23="",0,1)+IF(L23="",0,1)+IF(P23="",0,1) -> 0
B24: =Lookup!C500 -> 1781 | C24: =Lookup!D500 -> NC 54 at Revere Rd (EB) | D24: =Lookup!E500 -> C | Q24: =IF(H24="",0,1)+IF(L24="",0,1)+IF(P24="",0,1) -> 0
B25: =Lookup!C738 -> 1804 | C25: =Lookup!D738 -> Renaissance Pkwy at Leonardo Dr (WB) | D25: =Lookup!E738 -> C | Q25: =IF(H25="",0,1)+IF(L25="",0,1)+IF(P25="",0,1) -> 0
B26: =Lookup!C374 -> 1805 | C26: =Lookup!D374 -> NC 54 at Amhurst St | D26: =Lookup!E374 -> C | Q26: =IF(H26="",0,1)+IF(L26="",0,1)+IF(P26="",0,1) -> 0
B27: =Lookup!C893 -> 1860 | C27: =Lookup!D893 -> NC 54 at Park Dr (EB) | D27: =Lookup!E893 -> C | Q27: =IF(H27="",0,1)+IF(L27="",0,1)+IF(P27="",0,1) -> 0
B28: =Lookup!C888 -> 1861 | C28: =Lookup!D888 -> NC 54 at Park Dr (First Citizens Bank) | D28: =Lookup!E888 -> C | Q28: =IF(H28="",0,1)+IF(L28="",0,1)+IF(P28="",0,1) -> 0
B29: =Lookup!C879 -> 1863 | C29: =Lookup!D879 -> NC 54 at Park Office Dr (The Frontier) | D29: =Lookup!E879 -> C | Q29: =IF(H29="",0,1)+IF(L29="",0,1)+IF(P29="",0,1) -> 0
B30: =Lookup!C857 -> 1864 | C30: =Lookup!D857 -> NC 54 at Research Triangle High School | D30: =Lookup!E857 -> C | Q30: =IF(H30="",0,1)+IF(L30="",0,1)+IF(P30="",0,1) -> 0
B31: =Lookup!C740 -> 1865 | C31: =Lookup!D740 -> NC 54 at Triangle Dr (WB) | D31: =Lookup!E740 -> C | Q31: =IF(H31="",0,1)+IF(L31="",0,1)+IF(P31="",0,1) -> 0
B32: =Lookup!C353 -> 1866 | C32: =Lookup!D353 -> NC 54 at Triangle Dr (EB) | D32: =Lookup!E353 -> C | Q32: =IF(H32="",0,1)+IF(L32="",0,1)+IF(P32="",0,1) -> 0
B33: =Lookup!C202 -> 1892 | C33: =Lookup!D202 -> Fayetteville Rd at Renaissance Pkwy | D33: =Lookup!E202 -> B | Q33: =IF(H33="",0,1)+IF(L33="",0,1)+IF(P33="",0,1) -> 0
B34: =Lookup!C479 -> 1893 | C34: =Lookup!D479 -> NC 54 at The Hamptons Apts (EB) | D34: =Lookup!E479 -> C | Q34: =IF(H34="",0,1)+IF(L34="",0,1)+IF(P34="",0,1) -> 0
B35: =Lookup!C61 -> 1901 | C35: =Lookup!D61 -> McFarland Dr at Witherspoon Blvd (Patte | D35: =Lookup!E61 -> A | Q35: =IF(H35="",0,1)+IF(L35="",0,1)+IF(P35="",0,1) -> 0
B36: =Lookup!C595 -> 1914 | C36: =Lookup!D595 -> University Dr at University Pl (EB) | D36: =Lookup!E595 -> C | Q36: =IF(H36="",0,1)+IF(L36="",0,1)+IF(P36="",0,1) -> 0
B37: =Lookup!C611 -> 5002 | C37: =Lookup!D611 -> Riddle Rd at Ancroft Ave (NB) | D37: =Lookup!E611 -> C | Q37: =IF(H37="",0,1)+IF(L37="",0,1)+IF(P37="",0,1) -> 0
B38: =Lookup!C201 -> 5004 | C38: =Lookup!D201 -> Alston Ave at Main St | D38: =Lookup!E201 -> B | Q38: =IF(H38="",0,1)+IF(L38="",0,1)+IF(P38="",0,1) -> 0
B39: =Lookup!C838 -> 5005 | C39: =Lookup!D838 -> Cornwallis Rd at Industry Ln | D39: =Lookup!E838 -> C | Q39: =IF(H39="",0,1)+IF(L39="",0,1)+IF(P39="",0,1) -> 0
B40: =Lookup!C889 -> 5006 | C40: =Lookup!D889 -> Alston Ave at Durham Freeway (NB) | D40: =Lookup!E889 -> C | Q40: =IF(H40="",0,1)+IF(L40="",0,1)+IF(P40="",0,1) -> 0
B41: =Lookup!C240 -> 5008 | C41: =Lookup!D240 -> S Alston Ave at Massey Ave (NB) | D41: =Lookup!E240 -> B | Q41: =IF(H41="",0,1)+IF(L41="",0,1)+IF(P41="",0,1) -> 0
B42: =Lookup!C466 -> 5017 | C42: =Lookup!D466 -> Chapel Hill Rd at McGehee St (NB) | D42: =Lookup!E466 -> C | Q42: =IF(H42="",0,1)+IF(L42="",0,1)+IF(P42="",0,1) -> 0
B43: =Lookup!C821 -> 5018 | C43: =Lookup!D821 -> Morehead Ave at Vickers Ave (WB) | D43: =Lookup!E821 -> C | Q43: =IF(H43="",0,1)+IF(L43="",0,1)+IF(P43="",0,1) -> 0
B44: =Lookup!C191 -> 5019 | C44: =Lookup!D191 -> Club Blvd at Chandlers Garage | D44: =Lookup!E191 -> B | Q44: =IF(H44="",0,1)+IF(L44="",0,1)+IF(P44="",0,1) -> 0
B45: =Lookup!C478 -> 5020 | C45: =Lookup!D478 -> Fayetteville Rd at Laurel Springs Dr | D45: =Lookup!E478 -> C | Q45: =IF(H45="",0,1)+IF(L45="",0,1)+IF(P45="",0,1) -> 0
B46: =Lookup!C482 -> 5021 | C46: =Lookup!D482 -> Chapel Hill Rd at W Cornwallis Rd (SB1) | D46: =Lookup!E482 -> C | Q46: =IF(H46="",0,1)+IF(L46="",0,1)+IF(P46="",0,1) -> 0
B47: =Lookup!C646 -> 5022 | C47: =Lookup!D646 -> N Alston Ave at Drew St (SB) | D47: =Lookup!E646 -> C | Q47: =IF(H47="",0,1)+IF(L47="",0,1)+IF(P47="",0,1) -> 0
B48: =Lookup!C669 -> 5023 | C48: =Lookup!D669 -> Avondale Dr at E Markham Ave (SB) | D48: =Lookup!E669 -> C | Q48: =IF(H48="",0,1)+IF(L48="",0,1)+IF(P48="",0,1) -> 0
B49: =Lookup!C739 -> 5027 | C49: =Lookup!D739 -> Club Blvd at Gregson St | D49: =Lookup!E739 -> C | Q49: =IF(H49="",0,1)+IF(L49="",0,1)+IF(P49="",0,1) -> 0
B50: =Lookup!C408 -> 5030 | C50: =Lookup!D408 -> Duke St at Main St | D50: =Lookup!E408 -> C | Q50: =IF(H50="",0,1)+IF(L50="",0,1)+IF(P50="",0,1) -> 0
B51: =Lookup!C529 -> 5031 | C51: =Lookup!D529 -> Carver St at Guess Rd | D51: =Lookup!E529 -> C | Q51: =IF(H51="",0,1)+IF(L51="",0,1)+IF(P51="",0,1) -> 0
B52: =Lookup!C894 -> 5032 | C52: =Lookup!D894 -> Roxboro Rd at Hammond St | D52: =Lookup!E894 -> C | Q52: =IF(H52="",0,1)+IF(L52="",0,1)+IF(P52="",0,1) -> 0
B53: =Lookup!C131 -> 5033 | C53: =Lookup!D131 -> Roxboro Rd at Bush Dr | D53: =Lookup!E131 -> A | Q53: =IF(H53="",0,1)+IF(L53="",0,1)+IF(P53="",0,1) -> 0
B54: =Lookup!C762 -> 5035 | C54: =Lookup!D762 -> Angier Ave at Pleasant Dr | D54: =Lookup!E762 -> C | Q54: =IF(H54="",0,1)+IF(L54="",0,1)+IF(P54="",0,1) -> 0
B55: =Lookup!C856 -> 5038 | C55: =Lookup!D856 -> Liberty St at Queen St | D55: =Lookup!E856 -> C | Q55: =IF(H55="",0,1)+IF(L55="",0,1)+IF(P55="",0,1) -> 0
B56: =Lookup!C136 -> 5039 | C56: =Lookup!D136 -> Fayetteville St at Piedmont Ave (SB) | D56: =Lookup!E136 -> A | Q56: =IF(H56="",0,1)+IF(L56="",0,1)+IF(P56="",0,1) -> 0
B57: =Lookup!C205 -> 5042 | C57: =Lookup!D205 -> University Dr at Weymouth St (WB) | D57: =Lookup!E205 -> B | Q57: =IF(H57="",0,1)+IF(L57="",0,1)+IF(P57="",0,1) -> 0
B58: =Lookup!C335 -> 5043 | C58: =Lookup!D335 -> Holloway St at Adams St (EB) | D58: =Lookup!E335 -> B | Q58: =IF(H58="",0,1)+IF(L58="",0,1)+IF(P58="",0,1) -> 0
B59: =Lookup!C397 -> 5044 | C59: =Lookup!D397 -> Duke St at Harper Pl | D59: =Lookup!E397 -> C | Q59: =IF(H59="",0,1)+IF(L59="",0,1)+IF(P59="",0,1) -> 0
B60: =Lookup!C668 -> 5045 | C60: =Lookup!D668 -> Roxboro Rd at Edgewood Dr | D60: =Lookup!E668 -> C | Q60: =IF(H60="",0,1)+IF(L60="",0,1)+IF(P60="",0,1) -> 0
B61: =Lookup!C755 -> 5047 | C61: =Lookup!D755 -> Roxboro Rd at Markham Ave (south) | D61: =Lookup!E755 -> C | Q61: =IF(H61="",0,1)+IF(L61="",0,1)+IF(P61="",0,1) -> 0
B62: =Lookup!C833 -> 5048 | C62: =Lookup!D833 -> Chapel Hill Rd at Pinecrest Rd | D62: =Lookup!E833 -> C | Q62: =IF(H62="",0,1)+IF(L62="",0,1)+IF(P62="",0,1) -> 0
B63: =Lookup!C602 -> 5054 | C63: =Lookup!D602 -> University Dr at Larchmont Dr | D63: =Lookup!E602 -> C | Q63: =IF(H63="",0,1)+IF(L63="",0,1)+IF(P63="",0,1) -> 0
B64: =Lookup!C782 -> 5055 | C64: =Lookup!D782 -> Gregson St at Englewood Ave | D64: =Lookup!E782 -> C | Q64: =IF(H64="",0,1)+IF(L64="",0,1)+IF(P64="",0,1) -> 0
B65: =Lookup!C629 -> 5056 | C65: =Lookup!D629 -> Lawson St at Sima Ave (EB) | D65: =Lookup!E629 -> C | Q65: =IF(H65="",0,1)+IF(L65="",0,1)+IF(P65="",0,1) -> 0
B66: =Lookup!C719 -> 5057 | C66: =Lookup!D719 -> Angier Ave at Driver St (EB) | D66: =Lookup!E719 -> C | Q66: =IF(H66="",0,1)+IF(L66="",0,1)+IF(P66="",0,1) -> 0
B67: =Lookup!C537 -> 5060 | C67: =Lookup!D537 -> Dearborn Dr at Ruth St | D67: =Lookup!E537 -> C | Q67: =IF(H67="",0,1)+IF(L67="",0,1)+IF(P67="",0,1) -> 0
B68: =Lookup!C171 -> 5063 | C68: =Lookup!D171 -> NC 54 at Residence Inn Blvd (WB) | D68: =Lookup!E171 -> B | Q68: =IF(H68="",0,1)+IF(L68="",0,1)+IF(P68="",0,1) -> 0
B69: =Lookup!C568 -> 5064 | C69: =Lookup!D568 -> Otis St at Red Oak Ave | D69: =Lookup!E568 -> C | Q69: =IF(H69="",0,1)+IF(L69="",0,1)+IF(P69="",0,1) -> 0
B70: =Lookup!C385 -> 5067 | C70: =Lookup!D385 -> Mangum St at Geer St | D70: =Lookup!E385 -> C | Q70: =IF(H70="",0,1)+IF(L70="",0,1)+IF(P70="",0,1) -> 0
B71: =Lookup!C382 -> 5075 | C71: =Lookup!D382 -> Milton Rd at Eno Valley Elementary (SB) | D71: =Lookup!E382 -> C | Q71: =IF(H71="",0,1)+IF(L71="",0,1)+IF(P71="",0,1) -> 0
B72: =Lookup!C329 -> 5078 | C72: =Lookup!D329 -> Trent Dr at Duke Hospital South (WB) | D72: =Lookup!E329 -> B | Q72: =IF(H72="",0,1)+IF(L72="",0,1)+IF(P72="",0,1) -> 0
B73: =Lookup!C86 -> 5080 | C73: =Lookup!D86 -> Fayetteville St at Homeland Ave (NB) | D73: =Lookup!E86 -> A | Q73: =IF(H73="",0,1)+IF(L73="",0,1)+IF(P73="",0,1) -> 0
B74: =Lookup!C845 -> 5081 | C74: =Lookup!D845 -> Trent Dr at Duke Circle Parking Deck | D74: =Lookup!E845 -> C | Q74: =IF(H74="",0,1)+IF(L74="",0,1)+IF(P74="",0,1) -> 0
B75: =Lookup!C212 -> 5084 | C75: =Lookup!D212 -> Old Farm Rd at Roxboro St (JFK Towers) | D75: =Lookup!E212 -> B | Q75: =IF(H75="",0,1)+IF(L75="",0,1)+IF(P75="",0,1) -> 0
B76: =Lookup!C430 -> 5088 | C76: =Lookup!D430 -> S Alston Ave at Massey Ave (SB) | D76: =Lookup!E430 -> C | Q76: =IF(H76="",0,1)+IF(L76="",0,1)+IF(P76="",0,1) -> 0
B77: =Lookup!C873 -> 5089 | C77: =Lookup!D873 -> Duke St at Englewood Ave | D77: =Lookup!E873 -> C | Q77: =IF(H77="",0,1)+IF(L77="",0,1)+IF(P77="",0,1) -> 0
B78: =Lookup!C309 -> 5091 | C78: =Lookup!D309 -> E Club Blvd at Glenbrook Dr (SB) | D78: =Lookup!E309 -> B | Q78: =IF(H78="",0,1)+IF(L78="",0,1)+IF(P78="",0,1) -> 0
B79: =Lookup!C497 -> 5093 | C79: =Lookup!D497 -> University Dr at South Square Mall | D79: =Lookup!E497 -> C | Q79: =IF(H79="",0,1)+IF(L79="",0,1)+IF(P79="",0,1) -> 0
B80: =Lookup!C709 -> 5094 | C80: =Lookup!D709 -> Lakewood Ave at Blackwell St | D80: =Lookup!E709 -> C | Q80: =IF(H80="",0,1)+IF(L80="",0,1)+IF(P80="",0,1) -> 0
B81: =Lookup!C386 -> 5097 | C81: =Lookup!D386 -> Roxboro Rd at Murray Ave | D81: =Lookup!E386 -> C | Q81: =IF(H81="",0,1)+IF(L81="",0,1)+IF(P81="",0,1) -> 0
B82: =Lookup!C461 -> 5099 | C82: =Lookup!D461 -> Carver St at Patrick Henry Dr (EB) | D82: =Lookup!E461 -> C | Q82: =IF(H82="",0,1)+IF(L82="",0,1)+IF(P82="",0,1) -> 0
B83: =Lookup!C458 -> 5100 | C83: =Lookup!D458 -> Weaver St at Weaver St Park | D83: =Lookup!E458 -> C | Q83: =IF(H83="",0,1)+IF(L83="",0,1)+IF(P83="",0,1) -> 0
B84: =Lookup!C895 -> 5101 | C84: =Lookup!D895 -> E Club Blvd at Thorne St | D84: =Lookup!E895 -> C | Q84: =IF(H84="",0,1)+IF(L84="",0,1)+IF(P84="",0,1) -> 0
B85: =Lookup!C304 -> 5102 | C85: =Lookup!D304 -> Shirley St at Crest St | D85: =Lookup!E304 -> B | Q85: =IF(H85="",0,1)+IF(L85="",0,1)+IF(P85="",0,1) -> 0
B86: =Lookup!C29 -> 5105 | C86: =Lookup!D29 -> Duke Regional Hospital (NB) | D86: =Lookup!E29 -> A | Q86: =IF(H86="",0,1)+IF(L86="",0,1)+IF(P86="",0,1) -> 0
B87: =Lookup!C95 -> 5106 | C87: =Lookup!D95 -> Erwin Rd at Research Dr | D87: =Lookup!E95 -> A | Q87: =IF(H87="",0,1)+IF(L87="",0,1)+IF(P87="",0,1) -> 0
B88: =Lookup!C428 -> 5110 | C88: =Lookup!D428 -> Fayetteville Rd at Wortley Dr | D88: =Lookup!E428 -> C | Q88: =IF(H88="",0,1)+IF(L88="",0,1)+IF(P88="",0,1) -> 0
B89: =Lookup!C223 -> 5111 | C89: =Lookup!D223 -> Lawson St at Merrick St (Pearson Cafete | D89: =Lookup!E223 -> B | Q89: =IF(H89="",0,1)+IF(L89="",0,1)+IF(P89="",0,1) -> 0
B90: =Lookup!C598 -> 5112 | C90: =Lookup!D598 -> Angier Ave at Commonwealth St | D90: =Lookup!E598 -> C | Q90: =IF(H90="",0,1)+IF(L90="",0,1)+IF(P90="",0,1) -> 0
B91: =Lookup!C262 -> 5113 | C91: =Lookup!D262 -> Blackwell St at Forest Hills Apts (SB) | D91: =Lookup!E262 -> B | Q91: =IF(H91="",0,1)+IF(L91="",0,1)+IF(P91="",0,1) -> 0
B92: =Lookup!C352 -> 5115 | C92: =Lookup!D352 -> Alston Ave at Dayton St (SB) | D92: =Lookup!E352 -> B | Q92: =IF(H92="",0,1)+IF(L92="",0,1)+IF(P92="",0,1) -> 0
B93: =Lookup!C785 -> 5116 | C93: =Lookup!D785 -> Roxboro St at Duke St (Autozone) | D93: =Lookup!E785 -> C | Q93: =IF(H93="",0,1)+IF(L93="",0,1)+IF(P93="",0,1) -> 0
B94: =Lookup!C168 -> 5118 | C94: =Lookup!D168 -> Martin Luther King Jr Pkwy at Lake Camp | D94: =Lookup!E168 -> B | Q94: =IF(H94="",0,1)+IF(L94="",0,1)+IF(P94="",0,1) -> 0
B95: =Lookup!C208 -> 5119 | C95: =Lookup!D208 -> Roxboro Rd at Ellerbee St (NB) | D95: =Lookup!E208 -> B | Q95: =IF(H95="",0,1)+IF(L95="",0,1)+IF(P95="",0,1) -> 0
B96: =Lookup!C98 -> 5121 | C96: =Lookup!D98 -> University Dr at Weymouth St (Near) | D96: =Lookup!E98 -> A | Q96: =IF(H96="",0,1)+IF(L96="",0,1)+IF(P96="",0,1) -> 0
B97: =Lookup!C566 -> 5125 | C97: =Lookup!D566 -> Hillsborough Rd at W Knox St | D97: =Lookup!E566 -> C | Q97: =IF(H97="",0,1)+IF(L97="",0,1)+IF(P97="",0,1) -> 0
B98: =Lookup!C137 -> 5126 | C98: =Lookup!D137 -> Avondale Dr at E Knox St (SB) | D98: =Lookup!E137 -> A | Q98: =IF(H98="",0,1)+IF(L98="",0,1)+IF(P98="",0,1) -> 0
B99: =Lookup!C37 -> 5127 | C99: =Lookup!D37 -> Seven Oaks Rd at Riverview Shopping Center | D99: =Lookup!E37 -> A | Q99: =IF(H99="",0,1)+IF(L99="",0,1)+IF(P99="",0,1) -> 0
B100: =Lookup!C401 -> 5128 | C100: =Lookup!D401 -> Roxboro Rd at Monk Rd (SB) | D100: =Lookup!E401 -> C | Q100: =IF(H100="",0,1)+IF(L100="",0,1)+IF(P100="",0,1) -> 0
B101: =Lookup!C666 -> 5129 | C101: =Lookup!D666 -> NC 54 at The Hamptons Apts (WB) | D101: =Lookup!E666 -> C | Q101: =IF(H101="",0,1)+IF(L101="",0,1)+IF(P101="",0,1) -> 0
...

Sheet MAR 25
B1: BUS STOP MAINTENANCE TRACKER MARCH 2025
B3: Bus Stop ID | C3: Bus Stop Locations | D3: Type | E3: Requested Service | F3: Service Request Received on | G3: Work Order sent to Contractor on | H3: Work Executed on (Mandatory) | I3: Requested Service | J3: Service Request Received on | K3: Work Order sent to Contractor on | L3: Work Executed on (Mandatory) | M3: Requested Service | N3: Service Request Received on | O3: Work Order sent to Contractor on | P3: Work Executed on (Mandatory) | Q3: Total number of Executions per Bus Stop
B4: =Lookup!C443 -> 1072 | C4: =Lookup!D443 -> Old Chapel Hill Rd at Garrett Rd (EB) | D4: =Lookup!E443 -> C | Q4: =IF(H4="",0,1)+IF(L4="",0,1)+IF(P4="",0,1) -> 0
B5: =Lookup!C776 -> 1074 | C5: =Lookup!D776 -> University Dr at American Red Cross | D5: =Lookup!E776 -> C | Q5: =IF(H5="",0,1)+IF(L5="",0,1)+IF(P5="",0,1) -> 0
B6: =Lookup!C273 -> 1075 | C6: =Lookup!D273 -> University Dr at Ivy Creek Blvd | D6: =Lookup!E273 -> B | Q6: =IF(H6="",0,1)+IF(L6="",0,1)+IF(P6="",0,1) -> 0
B7: =Lookup!C435 -> 1160 | C7: =Lookup!D435 -> NC 54 at Blanchard Rd (EB) | D7: =Lookup!E435 -> C | Q7: =IF(H7="",0,1)+IF(L7="",0,1)+IF(P7="",0,1) -> 0
B8: =Lookup!C510 -> 1161 | C8: =Lookup!D510 -> NC 54 at Residence Inn Blvd (EB) | D8: =Lookup!E510 -> C | Q8: =IF(H8="",0,1)+IF(L8="",0,1)+IF(P8="",0,1) -> 0
B9: =Lookup!C588 -> 1171 | C9: =Lookup!D588 -> NC 54 at Blanchard Rd (WB) | D9: =Lookup!E588 -> C | Q9: =IF(H9="",0,1)+IF(L9="",0,1)+IF(P9="",0,1) -> 0
B10: =Lookup!C545 -> 1175 | C10: =Lookup!D545 -> NC 54 at Fayetteville Rd (Duke Health) | D10: =Lookup!E545 -> C | Q10: =IF(H10="",0,1)+IF(L10="",0,1)+IF(P10="",0,1) -> 0
B11: =Lookup!C735 -> 1221 | C11: =Lookup!D735 -> Slater Rd at Page Rd (Imperial Point) | D11: =Lookup!E735 -> C | Q11: =IF(H11="",0,1)+IF(L11="",0,1)+IF(P11="",0,1) -> 0
B12: =Lookup!C877 -> 1222 | C12: =Lookup!D877 -> Slater Rd at Emperor Blvd (Chelsea Place) | D12: =Lookup!E877 -> C | Q12: =IF(H12="",0,1)+IF(L12="",0,1)+IF(P12="",0,1) -> 0
B13: =Lookup!C6 -> 1406 | C13: =Lookup!D6 -> Renaissance Pkwy at Southpoint Mall | D13: =Lookup!E6 -> A | Q13: =IF(H13="",0,1)+IF(L13="",0,1)+IF(P13="",0,1) -> 0
B14: =Lookup!C660 -> 1499 | C14: =Lookup!D660 -> Slater Rd at Page Rd (Coastal Credit Union) | D14: =Lookup!E660 -> C | Q14: =IF(H14="",0,1)+IF(L14="",0,1)+IF(P14="",0,1) -> 0
B15: =Lookup!C336 -> 1553 | C15: =Lookup!D336 -> Erwin Rd at Towerview Rd | D15: =Lookup!E336 -> B | Q15: =IF(H15="",0,1)+IF(L15="",0,1)+IF(P15="",0,1) -> 0
B16: =Lookup!C817 -> 1556 | C16: =Lookup!D817 -> NC 54 at New Millennium Way (EB) | D16: =Lookup!E817 -> C | Q16: =IF(H16="",0,1)+IF(L16="",0,1)+IF(P16="",0,1) -> 0
B17: =Lookup!C749 -> 1557 | C17: =Lookup!D749 -> NC 54 at New Millennium Way (WB) | D17: =Lookup!E749 -> C | Q17: =IF(H17="",0,1)+IF(L17="",0,1)+IF(P17="",0,1) -> 0
B18: =Lookup!C274 -> 1558 | C18: =Lookup!D274 -> Slater Rd at Creekstone Dr (Duke Medicine) | D18: =Lookup!E274 -> B | Q18: =IF(H18="",0,1)+IF(L18="",0,1)+IF(P18="",0,1) -> 0
B19: =Lookup!C892 -> 1563 | C19: =Lookup!D892 -> Slater Rd at Emperor Blvd (Bright Horiz | D19: =Lookup!E892 -> C | Q19: =IF(H19="",0,1)+IF(L19="",0,1)+IF(P19="",0,1) -> 0
B20: =Lookup!C565 -> 1566 | C20: =Lookup!D565 -> Slater Rd at S Miami Blvd (Zaxbys) | D20: =Lookup!E565 -> C | Q20: =IF(H20="",0,1)+IF(L20="",0,1)+IF(P20="",0,1) -> 0
B21: =Lookup!C869 -> 1732 | C21: =Lookup!D869 -> Stirrup Creek at Twin Creek Ct | D21: =Lookup!E869 -> C | Q21: =IF(H21="",0,1)+IF(L21="",0,1)+IF(P21="",0,1) -> 0
B22: =Lookup!C876 -> 1776 | C22: =Lookup!D876 -> Slater Rd at GoTriangle Admin Office | D22: =Lookup!E876 -> C | Q22: =IF(H22="",0,1)+IF(L22="",0,1)+IF(P22="",0,1) -> 0
B23: =Lookup!C777 -> 1777 | C23: =Lookup!D777 -> Slater Rd at Sheraton Hotel | D23: =Lookup!E777 -> C | Q23: =IF(H23="",0,1)+IF(L23="",0,1)+IF(P23="",0,1) -> 0
B24: =Lookup!C500 -> 1781 | C24: =Lookup!D500 -> NC 54 at Revere Rd (EB) | D24: =Lookup!E500 -> C | Q24: =IF(H24="",0,1)+IF(L24="",0,1)+IF(P24="",0,1) -> 0
B25: =Lookup!C738 -> 1804 | C25: =Lookup!D738 -> Renaissance Pkwy at Leonardo Dr (WB) | D25: =Lookup!E738 -> C | Q25: =IF(H25="",0,1)+IF(L25="",0,1)+IF(P25="",0,1) -> 0
B26: =Lookup!C374 -> 1805 | C26: =Lookup!D374 -> NC 54 at Amhurst St | D26: =Lookup!E374 -> C | Q26: =IF(H26="",0,1)+IF(L26="",0,1)+IF(P26="",0,1) -> 0
B27: =Lookup!C893 -> 1860 | C27: =Lookup!D893 -> NC 54 at Park Dr (EB) | D27: =Lookup!E893 -> C | Q27: =IF(H27="",0,1)+IF(L27="",0,1)+IF(P27="",0,1) -> 0
B28: =Lookup!C888 -> 1861 | C28: =Lookup!D888 -> NC 54 at Park Dr (First Citizens Bank) | D28: =Lookup!E888 -> C | Q28: =IF(H28="",0,1)+IF(L28="",0,1)+IF(P28="",0,1) -> 0
B29: =Lookup!C879 -> 1863 | C29: =Lookup!D879 -> NC 54 at Park Office Dr (The Frontier) | D29: =Lookup!E879 -> C | Q29: =IF(H29="",0,1)+IF(L29="",0,1)+IF(P29="",0,1) -> 0
B30: =Lookup!C857 -> 1864 | C30: =Lookup!D857 -> NC 54 at Research Triangle High School | D30: =Lookup!E857 -> C | Q30: =IF(H30="",0,1)+IF(L30="",0,1)+IF(P30="",0,1) -> 0
B31: =Lookup!C740 -> 1865 | C31: =Lookup!D740 -> NC 54 at Triangle Dr (WB) | D31: =Lookup!E740 -> C | Q31: =IF(H31="",0,1)+IF(L31="",0,1)+IF(P31="",0,1) -> 0
B32: =Lookup!C353 -> 1866 | C32: =Lookup!D353 -> NC 54 at Triangle Dr (EB) | D32: =Lookup!E353 -> C | Q32: =IF(H32="",0,1)+IF(L32="",0,1)+IF(P32="",0,1) -> 0
B33: =Lookup!C202 -> 1892 | C33: =Lookup!D202 -> Fayetteville Rd at Renaissance Pkwy | D33: =Lookup!E202 -> B | Q33: =IF(H33="",0,1)+IF(L33="",0,1)+IF(P33="",0,1) -> 0
B34: =Lookup!C479 -> 1893 | C34: =Lookup!D479 -> NC 54 at The Hamptons Apts (EB) | D34: =Lookup!E479 -> C | Q34: =IF(H34="",0,1)+IF(L34="",0,1)+IF(P34="",0,1) -> 0
B35: =Lookup!C61 -> 1901 | C35: =Lookup!D61 -> McFarland Dr at Witherspoon Blvd (Patte | D35: =Lookup!E61 -> A | Q35: =IF(H35="",0,1)+IF(L35="",0,1)+IF(P35="",0,1) -> 0
B36: =Lookup!C595 -> 1914 | C36: =Lookup!D595 -> University Dr at University Pl (EB) | D36: =Lookup!E595 -> C | Q36: =IF(H36="",0,1)+IF(L36="",0,1)+IF(P36="",0,1) -> 0
B37: =Lookup!C611 -> 5002 | C37: =Lookup!D611 -> Riddle Rd at Ancroft Ave (NB) | D37: =Lookup!E611 -> C | Q37: =IF(H37="",0,1)+IF(L37="",0,1)+IF(P37="",0,1) -> 0
B38: =Lookup!C201 -> 5004 | C38: =Lookup!D201 -> Alston Ave at Main St | D38: =Lookup!E201 -> B | Q38: =IF(H38="",0,1)+IF(L38="",0,1)+IF(P38="",0,1) -> 0
B39: =Lookup!C838 -> 5005 | C39: =Lookup!D838 -> Cornwallis Rd at Industry Ln | D39: =Lookup!E838 -> C | Q39: =IF(H39="",0,1)+IF(L39="",0,1)+IF(P39="",0,1) -> 0
B40: =Lookup!C889 -> 5006 | C40: =Lookup!D889 -> Alston Ave at Durham Freeway (NB) | D40: =Lookup!E889 -> C | Q40: =IF(H40="",0,1)+IF(L40="",0,1)+IF(P40="",0,1) -> 0
B41: =Lookup!C240 -> 5008 | C41: =Lookup!D240 -> S Alston Ave at Massey Ave (NB) | D41: =Lookup!E240 -> B | Q41: =IF(H41="",0,1)+IF(L41="",0,1)+IF(P41="",0,1) -> 0
B42: =Lookup!C466 -> 5017 | C42: =Lookup!D466 -> Chapel Hill Rd at McGehee St (NB) | D42: =Lookup!E466 -> C | Q42: =IF(H42="",0,1)+IF(L42="",0,1)+IF(P42="",0,1) -> 0
B43: =Lookup!C821 -> 5018 | C43: =Lookup!D821 -> Morehead Ave at Vickers Ave (WB) | D43: =Lookup!E821 -> C | Q43: =IF(H43="",0,1)+IF(L43="",0,1)+IF(P43="",0,1) -> 0
B44: =Lookup!C191 -> 5019 | C44: =Lookup!D191 -> Club Blvd at Chandlers Garage | D44: =Lookup!E191 -> B | Q44: =IF(H44="",0,1)+IF(L44="",0,1)+IF(P44="",0,1) -> 0
B45: =Lookup!C478 -> 5020 | C45: =Lookup!D478 -> Fayetteville Rd at Laurel Springs Dr | D45: =Lookup!E478 -> C | Q45: =IF(H45="",0,1)+IF(L45="",0,1)+IF(P45="",0,1) -> 0
B46: =Lookup!C482 -> 5021 | C46: =Lookup!D482 -> Chapel Hill Rd at W Cornwallis Rd (SB1) | D46: =Lookup!E482 -> C | Q46: =IF(H46="",0,1)+IF(L46="",0,1)+IF(P46="",0,1) -> 0
B47: =Lookup!C646 -> 5022 | C47: =Lookup!D646 -> N Alston Ave at Drew St (SB) | D47: =Lookup!E646 -> C | Q47: =IF(H47="",0,1)+IF(L47="",0,1)+IF(P47="",0,1) -> 0
B48: =Lookup!C669 -> 5023 | C48: =Lookup!D669 -> Avondale Dr at E Markham Ave (SB) | D48: =Lookup!E669 -> C | Q48: =IF(H48="",0,1)+IF(L48="",0,1)+IF(P48="",0,1) -> 0
B49: =Lookup!C739 -> 5027 | C49: =Lookup!D739 -> Club Blvd at Gregson St | D49: =Lookup!E739 -> C | Q49: =IF(H49="",0,1)+IF(L49="",0,1)+IF(P49="",0,1) -> 0
B50: =Lookup!C408 -> 5030 | C50: =Lookup!D408 -> Duke St at Main St | D50: =Lookup!E408 -> C | Q50: =IF(H50="",0,1)+IF(L50="",0,1)+IF(P50="",0,1) -> 0
B51: =Lookup!C529 -> 5031 | C51: =Lookup!D529 -> Carver St at Guess Rd | D51: =Lookup!E529 -> C | Q51: =IF(H51="",0,1)+IF(L51="",0,1)+IF(P51="",0,1) -> 0
B52: =Lookup!C894 -> 5032 | C52: =Lookup!D894 -> Roxboro Rd at Hammond St | D52: =Lookup!E894 -> C | Q52: =IF(H52="",0,1)+IF(L52="",0,1)+IF(P52="",0,1) -> 0
B53: =Lookup!C131 -> 5033 | C53: =Lookup!D131 -> Roxboro Rd at Bush Dr | D53: =Lookup!E131 -> A | Q53: =IF(H53="",0,1)+IF(L53="",0,1)+IF(P53="",0,1) -> 0
B54: =Lookup!C762 -> 5035 | C54: =Lookup!D762 -> Angier Ave at Pleasant Dr | D54: =Lookup!E762 -> C | Q54: =IF(H54="",0,1)+IF(L54="",0,1)+IF(P54="",0,1) -> 0
B55: =Lookup!C856 -> 5038 | C55: =Lookup!D856 -> Liberty St at Queen St | D55: =Lookup!E856 -> C | Q55: =IF(H55="",0,1)+IF(L55="",0,1)+IF(P55="",0,1) -> 0
B56: =Lookup!C136 -> 5039 | C56: =Lookup!D136 -> Fayetteville St at Piedmont Ave (SB) | D56: =Lookup!E136 -> A | Q56: =IF(H56="",0,1)+IF(L56="",0,1)+IF(P56="",0,1) -> 0
B57: =Lookup!C205 -> 5042 | C57: =Lookup!D205 -> University Dr at Weymouth St (WB) | D57: =Lookup!E205 -> B | Q57: =IF(H57="",0,1)+IF(L57="",0,1)+IF(P57="",0,1) -> 0
B58: =Lookup!C335 -> 5043 | C58: =Lookup!D335 -> Holloway St at Adams St (EB) | D58: =Lookup!E335 -> B | Q58: =IF(H58="",0,1)+IF(L58="",0,1)+IF(P58="",0,1) -> 0
B59: =Lookup!C397 -> 5044 | C59: =Lookup!D397 -> Duke St at Harper Pl | D59: =Lookup!E397 -> C | Q59: =IF(H59="",0,1)+IF(L59="",0,1)+IF(P59="",0,1) -> 0
B60: =Lookup!C668 -> 5045 | C60: =Lookup!D668 -> Roxboro Rd at Edgewood Dr | D60: =Lookup!E668 -> C | Q60: =IF(H60="",0,1)+IF(L60="",0,1)+IF(P60="",0,1) -> 0
B61: =Lookup!C755 -> 5047 | C61: =Lookup!D755 -> Roxboro Rd at Markham Ave (south) | D61: =Lookup!E755 -> C | Q61: =IF(H61="",0,1)+IF(L61="",0,1)+IF(P61="",0,1) -> 0
B62: =Lookup!C833 -> 5048 | C62: =Lookup!D833 -> Chapel Hill Rd at Pinecrest Rd | D62: =Lookup!E833 -> C | Q62: =IF(H62="",0,1)+IF(L62="",0,1)+IF(P62="",0,1) -> 0
B63: =Lookup!C602 -> 5054 | C63: =Lookup!D602 -> University Dr at Larchmont Dr | D63: =Lookup!E602 -> C | Q63: =IF(H63="",0,1)+IF(L63="",0,1)+IF(P63="",0,1) -> 0
B64: =Lookup!C782 -> 5055 | C64: =Lookup!D782 -> Gregson St at Englewood Ave | D64: =Lookup!E782 -> C | Q64: =IF(H64="",0,1)+IF(L64="",0,1)+IF(P64="",0,1) -> 0
B65: =Lookup!C629 -> 5056 | C65: =Lookup!D629 -> Lawson St at Sima Ave (EB) | D65: =Lookup!E629 -> C | Q65: =IF(H65="",0,1)+IF(L65="",0,1)+IF(P65="",0,1) -> 0
B66: =Lookup!C719 -> 5057 | C66: =Lookup!D719 -> Angier Ave at Driver St (EB) | D66: =Lookup!E719 -> C | Q66: =IF(H66="",0,1)+IF(L66="",0,1)+IF(P66="",0,1) -> 0
B67: =Lookup!C537 -> 5060 | C67: =Lookup!D537 -> Dearborn Dr at Ruth St | D67: =Lookup!E537 -> C | Q67: =IF(H67="",0,1)+IF(L67="",0,1)+IF(P67="",0,1) -> 0
B68: =Lookup!C171 -> 5063 | C68: =Lookup!D171 -> NC 54 at Residence Inn Blvd (WB) | D68: =Lookup!E171 -> B | Q68: =IF(H68="",0,1)+IF(L68="",0,1)+IF(P68="",0,1) -> 0
B69: =Lookup!C568 -> 5064 | C69: =Lookup!D568 -> Otis St at Red Oak Ave | D69: =Lookup!E568 -> C | Q69: =IF(H69="",0,1)+IF(L69="",0,1)+IF(P69="",0,1) -> 0
B70: =Lookup!C385 -> 5067 | C70: =Lookup!D385 -> Mangum St at Geer St | D70: =Lookup!E385 -> C | Q70: =IF(H70="",0,1)+IF(L70="",0,1)+IF(P70="",0,1) -> 0
B71: =Lookup!C382 -> 5075 | C71: =Lookup!D382 -> Milton Rd at Eno Valley Elementary (SB) | D71: =Lookup!E382 -> C | Q71: =IF(H71="",0,1)+IF(L71="",0,1)+IF(P71="",0,1) -> 0
B72: =Lookup!C329 -> 5078 | C72: =Lookup!D329 -> Trent Dr at Duke Hospital South (WB) | D72: =Lookup!E329 -> B | Q72: =IF(H72="",0,1)+IF(L72="",0,1)+IF(P72="",0,1) -> 0
B73: =Lookup!C86 -> 5080 | C73: =Lookup!D86 -> Fayetteville St at Homeland Ave (NB) | D73: =Lookup!E86 -> A | Q73: =IF(H73="",0,1)+IF(L73="",0,1)+IF(P73="",0,1) -> 0
B74: =Lookup!C845 -> 5081 | C74: =Lookup!D845 -> Trent Dr at Duke Circle Parking Deck | D74: =Lookup!E845 -> C | Q74: =IF(H74="",0,1)+IF(L74="",0,1)+IF(P74="",0,1) -> 0
B75: =Lookup!C212 -> 5084 | C75: =Lookup!D212 -> Old Farm Rd at Roxboro St (JFK Towers) | D75: =Lookup!E212 -> B | Q75: =IF(H75="",0,1)+IF(L75="",0,1)+IF(P75="",0,1) -> 0
B76: =Lookup!C430 -> 5088 | C76: =Lookup!D430 -> S Alston Ave at Massey Ave (SB) | D76: =Lookup!E430 -> C | Q76: =IF(H76="",0,1)+IF(L76="",0,1)+IF(P76="",0,1) -> 0
B77: =Lookup!C873 -> 5089 | C77: =Lookup!D873 -> Duke St at Englewood Ave | D77: =Lookup!E873 -> C | Q77: =IF(H77="",0,1)+IF(L77="",0,1)+IF(P77="",0,1) -> 0
B78: =Lookup!C309 -> 5091 | C78: =Lookup!D309 -> E Club Blvd at Glenbrook Dr (SB) | D78: =Lookup!E309 -> B | Q78: =IF(H78="",0,1)+IF(L78="",0,1)+IF(P78="",0,1) -> 0
B79: =Lookup!C497 -> 5093 | C79: =Lookup!D497 -> University Dr at South Square Mall | D79: =Lookup!E497 -> C | Q79: =IF(H79="",0,1)+IF(L79="",0,1)+IF(P79="",0,1) -> 0
B80: =Lookup!C709 -> 5094 | C80: =Lookup!D709 -> Lakewood Ave at Blackwell St | D80: =Lookup!E709 -> C | Q80: =IF(H80="",0,1)+IF(L80="",0,1)+IF(P80="",0,1) -> 0
B81: =Lookup!C386 -> 5097 | C81: =Lookup!D386 -> Roxboro Rd at Murray Ave | D81: =Lookup!E386 -> C | Q81: =IF(H81="",0,1)+IF(L81="",0,1)+IF(P81="",0,1) -> 0
B82: =Lookup!C461 -> 5099 | C82: =Lookup!D461 -> Carver St at Patrick Henry Dr (EB) | D82: =Lookup!E461 -> C | Q82: =IF(H82="",0,1)+IF(L82="",0,1)+IF(P82="",0,1) -> 0
B83: =Lookup!C458 -> 5100 | C83: =Lookup!D458 -> Weaver St at Weaver St Park | D83: =Lookup!E458 -> C | Q83: =IF(H83="",0,1)+IF(L83="",0,1)+IF(P83="",0,1) -> 0
B84: =Lookup!C895 -> 5101 | C84: =Lookup!D895 -> E Club Blvd at Thorne St | D84: =Lookup!E895 -> C | Q84: =IF(H84="",0,1)+IF(L84="",0,1)+IF(P84="",0,1) -> 0
B85: =Lookup!C304 -> 5102 | C85: =Lookup!D304 -> Shirley St at Crest St | D85: =Lookup!E304 -> B | Q85: =IF(H85="",0,1)+IF(L85="",0,1)+IF(P85="",0,1) -> 0
B86: =Lookup!C29 -> 5105 | C86: =Lookup!D29 -> Duke Regional Hospital (NB) | D86: =Lookup!E29 -> A | Q86: =IF(H86="",0,1)+IF(L86="",0,1)+IF(P86="",0,1) -> 0
B87: =Lookup!C95 -> 5106 | C87: =Lookup!D95 -> Erwin Rd at Research Dr | D87: =Lookup!E95 -> A | Q87: =IF(H87="",0,1)+IF(L87="",0,1)+IF(P87="",0,1) -> 0
B88: =Lookup!C428 -> 5110 | C88: =Lookup!D428 -> Fayetteville Rd at Wortley Dr | D88: =Lookup!E428 -> C | Q88: =IF(H88="",0,1)+IF(L88="",0,1)+IF(P88="",0,1) -> 0
B89: =Lookup!C223 -> 5111 | C89: =Lookup!D223 -> Lawson St at Merrick St (Pearson Cafete | D89: =Lookup!E223 -> B | Q89: =IF(H89="",0,1)+IF(L89="",0,1)+IF(P89="",0,1) -> 0
B90: =Lookup!C598 -> 5112 | C90: =Lookup!D598 -> Angier Ave at Commonwealth St | D90: =Lookup!E598 -> C | Q90: =IF(H90="",0,1)+IF(L90="",0,1)+IF(P90="",0,1) -> 0
B91: =Lookup!C262 -> 5113 | C91: =Lookup!D262 -> Blackwell St at Forest Hills Apts (SB) | D91: =Lookup!E262 -> B | Q91: =IF(H91="",0,1)+IF(L91="",0,1)+IF(P91="",0,1) -> 0
B92: =Lookup!C352 -> 5115 | C92: =Lookup!D352 -> Alston Ave at Dayton St (SB) | D92: =Lookup!E352 -> B | Q92: =IF(H92="",0,1)+IF(L92="",0,1)+IF(P92="",0,1) -> 0
B93: =Lookup!C785 -> 5116 | C93: =Lookup!D785 -> Roxboro St at Duke St (Autozone) | D93: =Lookup!E785 -> C | Q93: =IF(H93="",0,1)+IF(L93="",0,1)+IF(P93="",0,1) -> 0
B94: =Lookup!C168 -> 5118 | C94: =Lookup!D168 -> Martin Luther King Jr Pkwy at Lake Camp | D94: =Lookup!E168 -> B | Q94: =IF(H94="",0,1)+IF(L94="",0,1)+IF(P94="",0,1) -> 0
B95: =Lookup!C208 -> 5119 | C95: =Lookup!D208 -> Roxboro Rd at Ellerbee St (NB) | D95: =Lookup!E208 -> B | Q95: =IF(H95="",0,1)+IF(L95="",0,1)+IF(P95="",0,1) -> 0
B96: =Lookup!C98 -> 5121 | C96: =Lookup!D98 -> University Dr at Weymouth St (Near) | D96: =Lookup!E98 -> A | Q96: =IF(H96="",0,1)+IF(L96="",0,1)+IF(P96="",0,1) -> 0
B97: =Lookup!C566 -> 5125 | C97: =Lookup!D566 -> Hillsborough Rd at W Knox St | D97: =Lookup!E566 -> C | Q97: =IF(H97="",0,1)+IF(L97="",0,1)+IF(P97="",0,1) -> 0
B98: =Lookup!C137 -> 5126 | C98: =Lookup!D137 -> Avondale Dr at E Knox St (SB) | D98: =Lookup!E137 -> A | Q98: =IF(H98="",0,1)+IF(L98="",0,1)+IF(P98="",0,1) -> 0
B99: =Lookup!C37 -> 5127 | C99: =Lookup!D37 -> Seven Oaks Rd at Riverview Shopping Center | D99: =Lookup!E37 -> A | Q99: =IF(H99="",0,1)+IF(L99="",0,1)+IF(P99="",0,1) -> 0
B100: =Lookup!C401 -> 5128 | C100: =Lookup!D401 -> Roxboro Rd at Monk Rd (SB) | D100: =Lookup!E401 -> C | Q100: =IF(H100="",0,1)+IF(L100="",0,1)+IF(P100="",0,1) -> 0
B101: =Lookup!C666 -> 5129 | C101: =Lookup!D666 -> NC 54 at The Hamptons Apts (WB) | D101: =Lookup!E666 -> C | Q101: =IF(H101="",0,1)+IF(L101="",0,1)+IF(P101="",0,1) -> 0
...

Sheet APR 25
B1: BUS STOP MAINTENANCE TRACKER APRIL 28- May 2 2025
B3: Bus Stop ID | C3: Bus Stop Locations | D3: Type | E3: Requested Service | F3: Service Request Received on | G3: Work Order sent to Contractor on | H3: Work Executed on (Mandatory) | I3: Requested Service | J3: Service Request Received on | K3: Work Order sent to Contractor on | L3: Work Executed on (Mandatory) | M3: Requested Service | N3: Service Request Received on | O3: Work Order sent to Contractor on | P3: Work Executed on (Mandatory) | Q3: Total number of Executions per Bus Stop
B4: =Lookup!C443 -> 1072 | C4: =Lookup!D443 -> Old Chapel Hill Rd at Garrett Rd (EB) | D4: =Lookup!E443 -> C | Q4: =IF(H4="",0,1)+IF(L4="",0,1)+IF(P4="",0,1) -> 0
B5: =Lookup!C776 -> 1074 | C5: =Lookup!D776 -> University Dr at American Red Cross | D5: =Lookup!E776 -> C | Q5: =IF(H5="",0,1)+IF(L5="",0,1)+IF(P5="",0,1) -> 0
B6: =Lookup!C273 -> 1075 | C6: =Lookup!D273 -> University Dr at Ivy Creek Blvd | D6: =Lookup!E273 -> B | E6: Cleaning + Trash Removal | F6: 45775 | H6: 45775 | Q6: =IF(H6="",0,1)+IF(L6="",0,1)+IF(P6="",0,1) -> 1
B7: =Lookup!C435 -> 1160 | C7: =Lookup!D435 -> NC 54 at Blanchard Rd (EB) | D7: =Lookup!E435 -> C | Q7: =IF(H7="",0,1)+IF(L7="",0,1)+IF(P7="",0,1) -> 0
B8: =Lookup!C510 -> 1161 | C8: =Lookup!D510 -> NC 54 at Residence Inn Blvd (EB) | D8: =Lookup!E510 -> C | Q8: =IF(H8="",0,1)+IF(L8="",0,1)+IF(P8="",0,1) -> 0
B9: =Lookup!C588 -> 1171 | C9: =Lookup!D588 -> NC 54 at Blanchard Rd (WB) | D9: =Lookup!E588 -> C | Q9: =IF(H9="",0,1)+IF(L9="",0,1)+IF(P9="",0,1) -> 0
B10: =Lookup!C545 -> 1175 | C10: =Lookup!D545 -> NC 54 at Fayetteville Rd (Duke Health) | D10: =Lookup!E545 -> C | Q10: =IF(H10="",0,1)+IF(L10="",0,1)+IF(P10="",0,1) -> 0
B11: =Lookup!C735 -> 1221 | C11: =Lookup!D735 -> Slater Rd at Page Rd (Imperial Point) | D11: =Lookup!E735 -> C | Q11: =IF(H11="",0,1)+IF(L11="",0,1)+IF(P11="",0,1) -> 0
B12: =Lookup!C877 -> 1222 | C12: =Lookup!D877 -> Slater Rd at Emperor Blvd (Chelsea Place) | D12: =Lookup!E877 -> C | Q12: =IF(H12="",0,1)+IF(L12="",0,1)+IF(P12="",0,1) -> 0
B13: =Lookup!C6 -> 1406 | C13: =Lookup!D6 -> Renaissance Pkwy at Southpoint Mall | D13: =Lookup!E6 -> A | E13: Cleaning + Trash Removal | F13: 45776 | H13: 45776 | I13: Cleaning + Trash Removal | J13: 45778 | L13: 45778 | Q13: =IF(H13="",0,1)+IF(L13="",0,1)+IF(P13="",0,1) -> 2
B14: =Lookup!C660 -> 1499 | C14: =Lookup!D660 -> Slater Rd at Page Rd (Coastal Credit Union) | D14: =Lookup!E660 -> C | Q14: =IF(H14="",0,1)+IF(L14="",0,1)+IF(P14="",0,1) -> 0
B15: =Lookup!C336 -> 1553 | C15: =Lookup!D336 -> Erwin Rd at Towerview Rd | D15: =Lookup!E336 -> B | E15: Cleaning + Trash Removal | F15: 45775 | H15: 45775 | Q15: =IF(H15="",0,1)+IF(L15="",0,1)+IF(P15="",0,1) -> 1
B16: =Lookup!C817 -> 1556 | C16: =Lookup!D817 -> NC 54 at New Millennium Way (EB) | D16: =Lookup!E817 -> C | Q16: =IF(H16="",0,1)+IF(L16="",0,1)+IF(P16="",0,1) -> 0
B17: =Lookup!C749 -> 1557 | C17: =Lookup!D749 -> NC 54 at New Millennium Way (WB) | D17: =Lookup!E749 -> C | Q17: =IF(H17="",0,1)+IF(L17="",0,1)+IF(P17="",0,1) -> 0
B18: =Lookup!C274 -> 1558 | C18: =Lookup!D274 -> Slater Rd at Creekstone Dr (Duke Medicine) | D18: =Lookup!E274 -> B | E18: Cleaning + Trash Removal | F18: 45776 | H18: 45776 | Q18: =IF(H18="",0,1)+IF(L18="",0,1)+IF(P18="",0,1) -> 1
B19: =Lookup!C892 -> 1563 | C19: =Lookup!D892 -> Slater Rd at Emperor Blvd (Bright Horiz | D19: =Lookup!E892 -> C | Q19: =IF(H19="",0,1)+IF(L19="",0,1)+IF(P19="",0,1) -> 0
B20: =Lookup!C565 -> 1566 | C20: =Lookup!D565 -> Slater Rd at S Miami Blvd (Zaxbys) | D20: =Lookup!E565 -> C | Q20: =IF(H20="",0,1)+IF(L20="",0,1)+IF(P20="",0,1) -> 0
B21: =Lookup!C869 -> 1732 | C21: =Lookup!D869 -> Stirrup Creek at Twin Creek Ct | D21: =Lookup!E869 -> C | Q21: =IF(H21="",0,1)+IF(L21="",0,1)+IF(P21="",0,1) -> 0
B22: =Lookup!C876 -> 1776 | C22: =Lookup!D876 -> Slater Rd at GoTriangle Admin Office | D22: =Lookup!E876 -> C | Q22: =IF(H22="",0,1)+IF(L22="",0,1)+IF(P22="",0,1) -> 0
B23: =Lookup!C777 -> 1777 | C23: =Lookup!D777 -> Slater Rd at Sheraton Hotel | D23: =Lookup!E777 -> C | Q23: =IF(H23="",0,1)+IF(L23="",0,1)+IF(P23="",0,1) -> 0
B24: =Lookup!C500 -> 1781 | C24: =Lookup!D500 -> NC 54 at Revere Rd (EB) | D24: =Lookup!E500 -> C | Q24: =IF(H24="",0,1)+IF(L24="",0,1)+IF(P24="",0,1) -> 0
B25: =Lookup!C738 -> 1804 | C25: =Lookup!D738 -> Renaissance Pkwy at Leonardo Dr (WB) | D25: =Lookup!E738 -> C | Q25: =IF(H25="",0,1)+IF(L25="",0,1)+IF(P25="",0,1) -> 0
B26: =Lookup!C374 -> 1805 | C26: =Lookup!D374 -> NC 54 at Amhurst St | D26: =Lookup!E374 -> C | Q26: =IF(H26="",0,1)+IF(L26="",0,1)+IF(P26="",0,1) -> 0
B27: =Lookup!C893 -> 1860 | C27: =Lookup!D893 -> NC 54 at Park Dr (EB) | D27: =Lookup!E893 -> C | Q27: =IF(H27="",0,1)+IF(L27="",0,1)+IF(P27="",0,1) -> 0
B28: =Lookup!C888 -> 1861 | C28: =Lookup!D888 -> NC 54 at Park Dr (First Citizens Bank) | D28: =Lookup!E888 -> C | Q28: =IF(H28="",0,1)+IF(L28="",0,1)+IF(P28="",0,1) -> 0
B29: =Lookup!C879 -> 1863 | C29: =Lookup!D879 -> NC 54 at Park Office Dr (The Frontier) | D29: =Lookup!E879 -> C | Q29: =IF(H29="",0,1)+IF(L29="",0,1)+IF(P29="",0,1) -> 0
B30: =Lookup!C857 -> 1864 | C30: =Lookup!D857 -> NC 54 at Research Triangle High School | D30: =Lookup!E857 -> C | Q30: =IF(H30="",0,1)+IF(L30="",0,1)+IF(P30="",0,1) -> 0
B31: =Lookup!C740 -> 1865 | C31: =Lookup!D740 -> NC 54 at Triangle Dr (WB) | D31: =Lookup!E740 -> C | Q31: =IF(H31="",0,1)+IF(L31="",0,1)+IF(P31="",0,1) -> 0
B32: =Lookup!C353 -> 1866 | C32: =Lookup!D353 -> NC 54 at Triangle Dr (EB) | D32: =Lookup!E353 -> C | Q32: =IF(H32="",0,1)+IF(L32="",0,1)+IF(P32="",0,1) -> 0
B33: =Lookup!C202 -> 1892 | C33: =Lookup!D202 -> Fayetteville Rd at Renaissance Pkwy | D33: =Lookup!E202 -> B | E33: Cleaning + Trash Removal | F33: 45775 | H33: 45775 | Q33: =IF(H33="",0,1)+IF(L33="",0,1)+IF(P33="",0,1) -> 1
B34: =Lookup!C479 -> 1893 | C34: =Lookup!D479 -> NC 54 at The Hamptons Apts (EB) | D34: =Lookup!E479 -> C | Q34: =IF(H34="",0,1)+IF(L34="",0,1)+IF(P34="",0,1) -> 0
B35: =Lookup!C61 -> 1901 | C35: =Lookup!D61 -> McFarland Dr at Witherspoon Blvd (Patte | D35: =Lookup!E61 -> A | E35: Cleaning + Trash Removal | F35: 45775 | H35: 45775 | I35: Cleaning + Trash Removal | J35: 45779 | L35: 45779 | Q35: =IF(H35="",0,1)+IF(L35="",0,1)+IF(P35="",0,1) -> 2
B36: =Lookup!C595 -> 1914 | C36: =Lookup!D595 -> University Dr at University Pl (EB) | D36: =Lookup!E595 -> C | Q36: =IF(H36="",0,1)+IF(L36="",0,1)+IF(P36="",0,1) -> 0
B37: =Lookup!C611 -> 5002 | C37: =Lookup!D611 -> Riddle Rd at Ancroft Ave (NB) | D37: =Lookup!E611 -> C | Q37: =IF(H37="",0,1)+IF(L37="",0,1)+IF(P37="",0,1) -> 0
B38: =Lookup!C201 -> 5004 | C38: =Lookup!D201 -> Alston Ave at Main St | D38: =Lookup!E201 -> B | E38: Cleaning + Trash Removal | F38: 45776 | H38: 45776 | Q38: =IF(H38="",0,1)+IF(L38="",0,1)+IF(P38="",0,1) -> 1
B39: =Lookup!C838 -> 5005 | C39: =Lookup!D838 -> Cornwallis Rd at Industry Ln | D39: =Lookup!E838 -> C | Q39: =IF(H39="",0,1)+IF(L39="",0,1)+IF(P39="",0,1) -> 0
B40: =Lookup!C889 -> 5006 | C40: =Lookup!D889 -> Alston Ave at Durham Freeway (NB) | D40: =Lookup!E889 -> C | E40: Cleaning + Trash Removal | F40: 45778 | G40: 45778 | H40: 45778 | Q40: =IF(H40="",0,1)+IF(L40="",0,1)+IF(P40="",0,1) -> 1
B41: =Lookup!C240 -> 5008 | C41: =Lookup!D240 -> S Alston Ave at Massey Ave (NB) | D41: =Lookup!E240 -> B | E41: Inspected -Found all OK | F41: 45776 | H41: 45776 | Q41: =IF(H41="",0,1)+IF(L41="",0,1)+IF(P41="",0,1) -> 1
B42: =Lookup!C466 -> 5017 | C42: =Lookup!D466 -> Chapel Hill Rd at McGehee St (NB) | D42: =Lookup!E466 -> C | Q42: =IF(H42="",0,1)+IF(L42="",0,1)+IF(P42="",0,1) -> 0
B43: =Lookup!C821 -> 5018 | C43: =Lookup!D821 -> Morehead Ave at Vickers Ave (WB) | D43: =Lookup!E821 -> C | Q43: =IF(H43="",0,1)+IF(L43="",0,1)+IF(P43="",0,1) -> 0
B44: =Lookup!C191 -> 5019 | C44: =Lookup!D191 -> Club Blvd at Chandlers Garage | D44: =Lookup!E191 -> B | E44: Cleaning + Trash Removal | F44: 45776 | H44: 45776 | Q44: =IF(H44="",0,1)+IF(L44="",0,1)+IF(P44="",0,1) -> 1
B45: =Lookup!C478 -> 5020 | C45: =Lookup!D478 -> Fayetteville Rd at Laurel Springs Dr | D45: =Lookup!E478 -> C | Q45: =IF(H45="",0,1)+IF(L45="",0,1)+IF(P45="",0,1) -> 0
B46: =Lookup!C482 -> 5021 | C46: =Lookup!D482 -> Chapel Hill Rd at W Cornwallis Rd (SB1) | D46: =Lookup!E482 -> C | Q46: =IF(H46="",0,1)+IF(L46="",0,1)+IF(P46="",0,1) -> 0
B47: =Lookup!C646 -> 5022 | C47: =Lookup!D646 -> N Alston Ave at Drew St (SB) | D47: =Lookup!E646 -> C | Q47: =IF(H47="",0,1)+IF(L47="",0,1)+IF(P47="",0,1) -> 0
B48: =Lookup!C669 -> 5023 | C48: =Lookup!D669 -> Avondale Dr at E Markham Ave (SB) | D48: =Lookup!E669 -> C | Q48: =IF(H48="",0,1)+IF(L48="",0,1)+IF(P48="",0,1) -> 0
B49: =Lookup!C739 -> 5027 | C49: =Lookup!D739 -> Club Blvd at Gregson St | D49: =Lookup!E739 -> C | Q49: =IF(H49="",0,1)+IF(L49="",0,1)+IF(P49="",0,1) -> 0
B50: =Lookup!C408 -> 5030 | C50: =Lookup!D408 -> Duke St at Main St | D50: =Lookup!E408 -> C | Q50: =IF(H50="",0,1)+IF(L50="",0,1)+IF(P50="",0,1) -> 0
B51: =Lookup!C529 -> 5031 | C51: =Lookup!D529 -> Carver St at Guess Rd | D51: =Lookup!E529 -> C | Q51: =IF(H51="",0,1)+IF(L51="",0,1)+IF(P51="",0,1) -> 0
B52: =Lookup!C894 -> 5032 | C52: =Lookup!D894 -> Roxboro Rd at Hammond St | D52: =Lookup!E894 -> C | Q52: =IF(H52="",0,1)+IF(L52="",0,1)+IF(P52="",0,1) -> 0
B53: =Lookup!C131 -> 5033 | C53: =Lookup!D131 -> Roxboro Rd at Bush Dr | D53: =Lookup!E131 -> A | E53: Cleaning + Trash Removal | F53: 45776 | H53: 45776 | I53: Cleaning + Trash Removal | J53: 45778 | L53: 45778 | Q53: =IF(H53="",0,1)+IF(L53="",0,1)+IF(P53="",0,1) -> 2
B54: =Lookup!C762 -> 5035 | C54: =Lookup!D762 -> Angier Ave at Pleasant Dr | D54: =Lookup!E762 -> C | Q54: =IF(H54="",0,1)+IF(L54="",0,1)+IF(P54="",0,1) -> 0
B55: =Lookup!C856 -> 5038 | C55: =Lookup!D856 -> Liberty St at Queen St | D55: =Lookup!E856 -> C | Q55: =IF(H55="",0,1)+IF(L55="",0,1)+IF(P55="",0,1) -> 0
B56: =Lookup!C136 -> 5039 | C56: =Lookup!D136 -> Fayetteville St at Piedmont Ave (SB) | D56: =Lookup!E136 -> A | E56: Cleaning + Trash Removal | F56: 45775 | H56: 45775 | I56: Cleaning + Trash Removal | J56: 45777 | L56: 45777 | Q56: =IF(H56="",0,1)+IF(L56="",0,1)+IF(P56="",0,1) -> 2
B57: =Lookup!C205 -> 5042 | C57: =Lookup!D205 -> University Dr at Weymouth St (WB) | D57: =Lookup!E205 -> B | E57: Inspected -Found all OK | F57: 45775 | H57: 45775 | Q57: =IF(H57="",0,1)+IF(L57="",0,1)+IF(P57="",0,1) -> 1
B58: =Lookup!C335 -> 5043 | C58: =Lookup!D335 -> Holloway St at Adams St (EB) | D58: =Lookup!E335 -> B | E58: Inspected -Found all OK | F58: 45775 | H58: 45775 | Q58: =IF(H58="",0,1)+IF(L58="",0,1)+IF(P58="",0,1) -> 1
B59: =Lookup!C397 -> 5044 | C59: =Lookup!D397 -> Duke St at Harper Pl | D59: =Lookup!E397 -> C | Q59: =IF(H59="",0,1)+IF(L59="",0,1)+IF(P59="",0,1) -> 0
B60: =Lookup!C668 -> 5045 | C60: =Lookup!D668 -> Roxboro Rd at Edgewood Dr | D60: =Lookup!E668 -> C | Q60: =IF(H60="",0,1)+IF(L60="",0,1)+IF(P60="",0,1) -> 0
B61: =Lookup!C755 -> 5047 | C61: =Lookup!D755 -> Roxboro Rd at Markham Ave (south) | D61: =Lookup!E755 -> C | Q61: =IF(H61="",0,1)+IF(L61="",0,1)+IF(P61="",0,1) -> 0
B62: =Lookup!C833 -> 5048 | C62: =Lookup!D833 -> Chapel Hill Rd at Pinecrest Rd | D62: =Lookup!E833 -> C | E62: landscaping | F62: 45772 | G62: 45772 | H62: 45772 | Q62: =IF(H62="",0,1)+IF(L62="",0,1)+IF(P62="",0,1) -> 1
B63: =Lookup!C602 -> 5054 | C63: =Lookup!D602 -> University Dr at Larchmont Dr | D63: =Lookup!E602 -> C | Q63: =IF(H63="",0,1)+IF(L63="",0,1)+IF(P63="",0,1) -> 0
B64: =Lookup!C782 -> 5055 | C64: =Lookup!D782 -> Gregson St at Englewood Ave | D64: =Lookup!E782 -> C | Q64: =IF(H64="",0,1)+IF(L64="",0,1)+IF(P64="",0,1) -> 0
B65: =Lookup!C629 -> 5056 | C65: =Lookup!D629 -> Lawson St at Sima Ave (EB) | D65: =Lookup!E629 -> C | Q65: =IF(H65="",0,1)+IF(L65="",0,1)+IF(P65="",0,1) -> 0
B66: =Lookup!C719 -> 5057 | C66: =Lookup!D719 -> Angier Ave at Driver St (EB) | D66: =Lookup!E719 -> C | Q66: =IF(H66="",0,1)+IF(L66="",0,1)+IF(P66="",0,1) -> 0
B67: =Lookup!C537 -> 5060 | C67: =Lookup!D537 -> Dearborn Dr at Ruth St | D67: =Lookup!E537 -> C | Q67: =IF(H67="",0,1)+IF(L67="",0,1)+IF(P67="",0,1) -> 0
B68: =Lookup!C171 -> 5063 | C68: =Lookup!D171 -> NC 54 at Residence Inn Blvd (WB) | D68: =Lookup!E171 -> B | E68: Inspected -Found all OK | F68: 45776 | H68: 45776 | Q68: =IF(H68="",0,1)+IF(L68="",0,1)+IF(P68="",0,1) -> 1
B69: =Lookup!C568 -> 5064 | C69: =Lookup!D568 -> Otis St at Red Oak Ave | D69: =Lookup!E568 -> C | Q69: =IF(H69="",0,1)+IF(L69="",0,1)+IF(P69="",0,1) -> 0
B70: =Lookup!C385 -> 5067 | C70: =Lookup!D385 -> Mangum St at Geer St | D70: =Lookup!E385 -> C | Q70: =IF(H70="",0,1)+IF(L70="",0,1)+IF(P70="",0,1) -> 0
B71: =Lookup!C382 -> 5075 | C71: =Lookup!D382 -> Milton Rd at Eno Valley Elementary (SB) | D71: =Lookup!E382 -> C | Q71: =IF(H71="",0,1)+IF(L71="",0,1)+IF(P71="",0,1) -> 0
B72: =Lookup!C329 -> 5078 | C72: =Lookup!D329 -> Trent Dr at Duke Hospital South (WB) | D72: =Lookup!E329 -> B | E72: Cleaning + Trash Removal | F72: 45775 | H72: 45775 | Q72: =IF(H72="",0,1)+IF(L72="",0,1)+IF(P72="",0,1) -> 1
B73: =Lookup!C86 -> 5080 | C73: =Lookup!D86 -> Fayetteville St at Homeland Ave (NB) | D73: =Lookup!E86 -> A | E73: Cleaning + Trash Removal | F73: 45775 | H73: 45775 | I73: Cleaning + Trash Removal | J73: 45777 | L73: 45777 | Q73: =IF(H73="",0,1)+IF(L73="",0,1)+IF(P73="",0,1) -> 2
B74: =Lookup!C845 -> 5081 | C74: =Lookup!D845 -> Trent Dr at Duke Circle Parking Deck | D74: =Lookup!E845 -> C | Q74: =IF(H74="",0,1)+IF(L74="",0,1)+IF(P74="",0,1) -> 0
B75: =Lookup!C212 -> 5084 | C75: =Lookup!D212 -> Old Farm Rd at Roxboro St (JFK Towers) | D75: =Lookup!E212 -> B | E75: Cleaning + Trash Removal | F75: 45775 | H75: 45775 | Q75: =IF(H75="",0,1)+IF(L75="",0,1)+IF(P75="",0,1) -> 1
B76: =Lookup!C430 -> 5088 | C76: =Lookup!D430 -> S Alston Ave at Massey Ave (SB) | D76: =Lookup!E430 -> C | Q76: =IF(H76="",0,1)+IF(L76="",0,1)+IF(P76="",0,1) -> 0
B77: =Lookup!C873 -> 5089 | C77: =Lookup!D873 -> Duke St at Englewood Ave | D77: =Lookup!E873 -> C | Q77: =IF(H77="",0,1)+IF(L77="",0,1)+IF(P77="",0,1) -> 0
B78: =Lookup!C309 -> 5091 | C78: =Lookup!D309 -> E Club Blvd at Glenbrook Dr (SB) | D78: =Lookup!E309 -> B | E78: Cleaning + Trash Removal | F78: 45776 | H78: 45776 | Q78: =IF(H78="",0,1)+IF(L78="",0,1)+IF(P78="",0,1) -> 1
B79: =Lookup!C497 -> 5093 | C79: =Lookup!D497 -> University Dr at South Square Mall | D79: =Lookup!E497 -> C | Q79: =IF(H79="",0,1)+IF(L79="",0,1)+IF(P79="",0,1) -> 0
B80: 5907 | C80: =Lookup!D709 -> Lakewood Ave at Blackwell St | D80: =Lookup!E709 -> C | E80: Cleaning + Trash Removal | F80: 45757 | G80: 45756 | H80: 45757 | Q80: =IF(H80="",0,1)+IF(L80="",0,1)+IF(P80="",0,1) -> 1
B81: =Lookup!C386 -> 5097 | C81: =Lookup!D386 -> Roxboro Rd at Murray Ave | D81: =Lookup!E386 -> C | E81: Cleaning + Trash Removal | F81: 45758 | G81: 45756 | H81: 45758 | Q81: =IF(H81="",0,1)+IF(L81="",0,1)+IF(P81="",0,1) -> 1
B82: =Lookup!C461 -> 5099 | C82: =Lookup!D461 -> Carver St at Patrick Henry Dr (EB) | D82: =Lookup!E461 -> C | Q82: =IF(H82="",0,1)+IF(L82="",0,1)+IF(P82="",0,1) -> 0
B83: =Lookup!C458 -> 5100 | C83: =Lookup!D458 -> Weaver St at Weaver St Park | D83: =Lookup!E458 -> C | Q83: =IF(H83="",0,1)+IF(L83="",0,1)+IF(P83="",0,1) -> 0
B84: =Lookup!C895 -> 5101 | C84: =Lookup!D895 -> E Club Blvd at Thorne St | D84: =Lookup!E895 -> C | Q84: =IF(H84="",0,1)+IF(L84="",0,1)+IF(P84="",0,1) -> 0
B85: =Lookup!C304 -> 5102 | C85: =Lookup!D304 -> Shirley St at Crest St | D85: =Lookup!E304 -> B | E85: Cleaning + Trash Removal | F85: 45779 | H85: 45779 | Q85: =IF(H85="",0,1)+IF(L85="",0,1)+IF(P85="",0,1) -> 1
B86: =Lookup!C29 -> 5105 | C86: =Lookup!D29 -> Duke Regional Hospital (NB) | D86: =Lookup!E29 -> A | E86: Cleaning + Trash Removal | F86: 45775 | H86: 45775 | I86: Cleaning + Trash Removal | J86: 45777 | L86: 45777 | Q86: =IF(H86="",0,1)+IF(L86="",0,1)+IF(P86="",0,1) -> 2
B87: =Lookup!C95 -> 5106 | C87: =Lookup!D95 -> Erwin Rd at Research Dr | D87: =Lookup!E95 -> A | E87: Cleaning + Trash Removal | F87: 45775 | H87: 45775 | I87: Cleaning + Trash Removal | J87: 45777 | L87: 45777 | Q87: =IF(H87="",0,1)+IF(L87="",0,1)+IF(P87="",0,1) -> 2
B88: =Lookup!C428 -> 5110 | C88: =Lookup!D428 -> Fayetteville Rd at Wortley Dr | D88: =Lookup!E428 -> C | Q88: =IF(H88="",0,1)+IF(L88="",0,1)+IF(P88="",0,1) -> 0
B89: =Lookup!C223 -> 5111 | C89: =Lookup!D223 -> Lawson St at Merrick St (Pearson Cafete | D89: =Lookup!E223 -> B | E89: Cleaning + Trash Removal | F89: 45776 | H89: 45776 | Q89: =IF(H89="",0,1)+IF(L89="",0,1)+IF(P89="",0,1) -> 1
B90: =Lookup!C598 -> 5112 | C90: =Lookup!D598 -> Angier Ave at Commonwealth St | D90: =Lookup!E598 -> C | Q90: =IF(H90="",0,1)+IF(L90="",0,1)+IF(P90="",0,1) -> 0
B91: =Lookup!C262 -> 5113 | C91: =Lookup!D262 -> Blackwell St at Forest Hills Apts (SB) | D91: =Lookup!E262 -> B | E91: Cleaning + Trash Removal | F91: 45775 | H91: 45775 | Q91: =IF(H91="",0,1)+IF(L91="",0,1)+IF(P91="",0,1) -> 1
B92: =Lookup!C352 -> 5115 | C92: =Lookup!D352 -> Alston Ave at Dayton St (SB) | D92: =Lookup!E352 -> B | E92: Inspected -Found all OK | F92: 45776 | H92: 45776 | Q92: =IF(H92="",0,1)+IF(L92="",0,1)+IF(P92="",0,1) -> 1
B93: =Lookup!C785 -> 5116 | C93: =Lookup!D785 -> Roxboro St at Duke St (Autozone) | D93: =Lookup!E785 -> C | Q93: =IF(H93="",0,1)+IF(L93="",0,1)+IF(P93="",0,1) -> 0
B94: =Lookup!C168 -> 5118 | C94: =Lookup!D168 -> Martin Luther King Jr Pkwy at Lake Camp | D94: =Lookup!E168 -> B | E94: Cleaning + Trash Removal | F94: 45775 | H94: 45775 | Q94: =IF(H94="",0,1)+IF(L94="",0,1)+IF(P94="",0,1) -> 1
B95: =Lookup!C208 -> 5119 | C95: =Lookup!D208 -> Roxboro Rd at Ellerbee St (NB) | D95: =Lookup!E208 -> B | E95: Inspected -Found all OK | F95: 45776 | H95: 45776 | Q95: =IF(H95="",0,1)+IF(L95="",0,1)+IF(P95="",0,1) -> 1
B96: =Lookup!C98 -> 5121 | C96: =Lookup!D98 -> University Dr at Weymouth St (Near) | D96: =Lookup!E98 -> A | E96: Cleaning + Trash Removal | F96: 45775 | H96: 45775 | I96: Cleaning + Trash Removal | J96: 45779 | L96: 45779 | Q96: =IF(H96="",0,1)+IF(L96="",0,1)+IF(P96="",0,1) -> 2
B97: =Lookup!C566 -> 5125 | C97: =Lookup!D566 -> Hillsborough Rd at W Knox St | D97: =Lookup!E566 -> C | Q97: =IF(H97="",0,1)+IF(L97="",0,1)+IF(P97="",0,1) -> 0
B98: =Lookup!C137 -> 5126 | C98: =Lookup!D137 -> Avondale Dr at E Knox St (SB) | D98: =Lookup!E137 -> A | E98: Cleaning + Trash Removal | F98: 45776 | H98: 45776 | I98: Cleaning + Trash Removal | J98: 45778 | L98: 45778 | Q98: =IF(H98="",0,1)+IF(L98="",0,1)+IF(P98="",0,1) -> 2
B99: =Lookup!C37 -> 5127 | C99: =Lookup!D37 -> Seven Oaks Rd at Riverview Shopping Center | D99: =Lookup!E37 -> A | E99: Cleaning + Trash Removal | F99: 45776 | H99: 45776 | I99: Cleaning + Trash Removal | J99: 45778 | L99: 45778 | Q99: =IF(H99="",0,1)+IF(L99="",0,1)+IF(P99="",0,1) -> 2
B100: =Lookup!C401 -> 5128 | C100: =Lookup!D401 -> Roxboro Rd at Monk Rd (SB) | D100: =Lookup!E401 -> C | Q100: =IF(H100="",0,1)+IF(L100="",0,1)+IF(P100="",0,1) -> 0
B101: =Lookup!C666 -> 5129 | C101: =Lookup!D666 -> NC 54 at The Hamptons Apts (WB) | D101: =Lookup!E666 -> C | Q101: =IF(H101="",0,1)+IF(L101="",0,1)+IF(P101="",0,1) -> 0
...

Sheet MAY 25
B1: BUS STOP MAINTENANCE TRACKER MAY 26-30 2025
B3: Bus Stop ID | C3: Bus Stop Locations | D3: Type | E3: Requested Service | F3: Service Request Received on | G3: Work Order sent to Contractor on | H3: 45803 | I3: Requested Service | J3: Service Request Received on | K3: Work Order sent to Contractor on | L3: 45805 | M3: Requested Service | N3: Service Request Received on | O3: Work Order sent to Contractor on | P3: Work Executed on (Mandatory) | Q3: Total number of Executions per Bus Stop
B4: =Lookup!C443 -> 1072 | C4: =Lookup!D443 -> Old Chapel Hill Rd at Garrett Rd (EB) | D4: =Lookup!E443 -> C | Q4: =IF(H4="",0,1)+IF(L4="",0,1)+IF(P4="",0,1) -> 0
B5: =Lookup!C776 -> 1074 | C5: =Lookup!D776 -> University Dr at American Red Cross | D5: =Lookup!E776 -> C | Q5: =IF(H5="",0,1)+IF(L5="",0,1)+IF(P5="",0,1) -> 0
B6: =Lookup!C273 -> 1075 | C6: =Lookup!D273 -> University Dr at Ivy Creek Blvd | D6: =Lookup!E273 -> B | E6: Cleaning + Trash Removal | F6: 45803 | H6: 45803 | I6: Cleaning + Trash Removal | J6: 45807 | L6: 45807 | Q6: =IF(H6="",0,1)+IF(L6="",0,1)+IF(P6="",0,1) -> 2
B7: =Lookup!C435 -> 1160 | C7: =Lookup!D435 -> NC 54 at Blanchard Rd (EB) | D7: =Lookup!E435 -> C | Q7: =IF(H7="",0,1)+IF(L7="",0,1)+IF(P7="",0,1) -> 0
B8: =Lookup!C510 -> 1161 | C8: =Lookup!D510 -> NC 54 at Residence Inn Blvd (EB) | D8: =Lookup!E510 -> C | Q8: =IF(H8="",0,1)+IF(L8="",0,1)+IF(P8="",0,1) -> 0
B9: =Lookup!C588 -> 1171 | C9: =Lookup!D588 -> NC 54 at Blanchard Rd (WB) | D9: =Lookup!E588 -> C | Q9: =IF(H9="",0,1)+IF(L9="",0,1)+IF(P9="",0,1) -> 0
B10: =Lookup!C545 -> 1175 | C10: =Lookup!D545 -> NC 54 at Fayetteville Rd (Duke Health) | D10: =Lookup!E545 -> C | Q10: =IF(H10="",0,1)+IF(L10="",0,1)+IF(P10="",0,1) -> 0
B11: =Lookup!C735 -> 1221 | C11: =Lookup!D735 -> Slater Rd at Page Rd (Imperial Point) | D11: =Lookup!E735 -> C | Q11: =IF(H11="",0,1)+IF(L11="",0,1)+IF(P11="",0,1) -> 0
B12: =Lookup!C877 -> 1222 | C12: =Lookup!D877 -> Slater Rd at Emperor Blvd (Chelsea Place) | D12: =Lookup!E877 -> C | Q12: =IF(H12="",0,1)+IF(L12="",0,1)+IF(P12="",0,1) -> 0
B13: =Lookup!C6 -> 1406 | C13: =Lookup!D6 -> Renaissance Pkwy at Southpoint Mall | D13: =Lookup!E6 -> A | E13: Cleaning + Trash Removal | F13: 45803 | H13: 45803 | I13: Cleaning + Trash Removal | J13: 45805 | L13: 45805 | Q13: =IF(H13="",0,1)+IF(L13="",0,1)+IF(P13="",0,1) -> 2
B14: =Lookup!C660 -> 1499 | C14: =Lookup!D660 -> Slater Rd at Page Rd (Coastal Credit Union) | D14: =Lookup!E660 -> C | Q14: =IF(H14="",0,1)+IF(L14="",0,1)+IF(P14="",0,1) -> 0
B15: =Lookup!C336 -> 1553 | C15: =Lookup!D336 -> Erwin Rd at Towerview Rd | D15: =Lookup!E336 -> B | E15: Cleaning + Trash Removal | F15: 45803 | H15: 45803 | Q15: =IF(H15="",0,1)+IF(L15="",0,1)+IF(P15="",0,1) -> 1
B16: =Lookup!C817 -> 1556 | C16: =Lookup!D817 -> NC 54 at New Millennium Way (EB) | D16: =Lookup!E817 -> C | Q16: =IF(H16="",0,1)+IF(L16="",0,1)+IF(P16="",0,1) -> 0
B17: =Lookup!C749 -> 1557 | C17: =Lookup!D749 -> NC 54 at New Millennium Way (WB) | D17: =Lookup!E749 -> C | Q17: =IF(H17="",0,1)+IF(L17="",0,1)+IF(P17="",0,1) -> 0
B18: =Lookup!C274 -> 1558 | C18: =Lookup!D274 -> Slater Rd at Creekstone Dr (Duke Medicine) | D18: =Lookup!E274 -> B | E18: Cleaning + Trash Removal | F18: 45797 | H18: 45797 | Q18: =IF(H18="",0,1)+IF(L18="",0,1)+IF(P18="",0,1) -> 1
B19: =Lookup!C892 -> 1563 | C19: =Lookup!D892 -> Slater Rd at Emperor Blvd (Bright Horiz | D19: =Lookup!E892 -> C | Q19: =IF(H19="",0,1)+IF(L19="",0,1)+IF(P19="",0,1) -> 0
B20: =Lookup!C565 -> 1566 | C20: =Lookup!D565 -> Slater Rd at S Miami Blvd (Zaxbys) | D20: =Lookup!E565 -> C | Q20: =IF(H20="",0,1)+IF(L20="",0,1)+IF(P20="",0,1) -> 0
B21: =Lookup!C869 -> 1732 | C21: =Lookup!D869 -> Stirrup Creek at Twin Creek Ct | D21: =Lookup!E869 -> C | Q21: =IF(H21="",0,1)+IF(L21="",0,1)+IF(P21="",0,1) -> 0
B22: =Lookup!C876 -> 1776 | C22: =Lookup!D876 -> Slater Rd at GoTriangle Admin Office | D22: =Lookup!E876 -> C | Q22: =IF(H22="",0,1)+IF(L22="",0,1)+IF(P22="",0,1) -> 0
B23: =Lookup!C777 -> 1777 | C23: =Lookup!D777 -> Slater Rd at Sheraton Hotel | D23: =Lookup!E777 -> C | Q23: =IF(H23="",0,1)+IF(L23="",0,1)+IF(P23="",0,1) -> 0
B24: =Lookup!C500 -> 1781 | C24: =Lookup!D500 -> NC 54 at Revere Rd (EB) | D24: =Lookup!E500 -> C | Q24: =IF(H24="",0,1)+IF(L24="",0,1)+IF(P24="",0,1) -> 0
B25: =Lookup!C738 -> 1804 | C25: =Lookup!D738 -> Renaissance Pkwy at Leonardo Dr (WB) | D25: =Lookup!E738 -> C | E25: Cleaning + Trash Removal | F25: 45783 | H25: 45783 | Q25: =IF(H25="",0,1)+IF(L25="",0,1)+IF(P25="",0,1) -> 1
B26: =Lookup!C374 -> 1805 | C26: =Lookup!D374 -> NC 54 at Amhurst St | D26: =Lookup!E374 -> C | Q26: =IF(H26="",0,1)+IF(L26="",0,1)+IF(P26="",0,1) -> 0
B27: =Lookup!C893 -> 1860 | C27: =Lookup!D893 -> NC 54 at Park Dr (EB) | D27: =Lookup!E893 -> C | Q27: =IF(H27="",0,1)+IF(L27="",0,1)+IF(P27="",0,1) -> 0
B28: =Lookup!C888 -> 1861 | C28: =Lookup!D888 -> NC 54 at Park Dr (First Citizens Bank) | D28: =Lookup!E888 -> C | Q28: =IF(H28="",0,1)+IF(L28="",0,1)+IF(P28="",0,1) -> 0
B29: =Lookup!C879 -> 1863 | C29: =Lookup!D879 -> NC 54 at Park Office Dr (The Frontier) | D29: =Lookup!E879 -> C | Q29: =IF(H29="",0,1)+IF(L29="",0,1)+IF(P29="",0,1) -> 0
B30: =Lookup!C857 -> 1864 | C30: =Lookup!D857 -> NC 54 at Research Triangle High School | D30: =Lookup!E857 -> C | Q30: =IF(H30="",0,1)+IF(L30="",0,1)+IF(P30="",0,1) -> 0
B31: =Lookup!C740 -> 1865 | C31: =Lookup!D740 -> NC 54 at Triangle Dr (WB) | D31: =Lookup!E740 -> C | Q31: =IF(H31="",0,1)+IF(L31="",0,1)+IF(P31="",0,1) -> 0
B32: =Lookup!C353 -> 1866 | C32: =Lookup!D353 -> NC 54 at Triangle Dr (EB) | D32: =Lookup!E353 -> C | Q32: =IF(H32="",0,1)+IF(L32="",0,1)+IF(P32="",0,1) -> 0
B33: =Lookup!C202 -> 1892 | C33: =Lookup!D202 -> Fayetteville Rd at Renaissance Pkwy | D33: =Lookup!E202 -> B | E33: Cleaning + Trash Removal | F33: 45803 | H33: 45803 | Q33: =IF(H33="",0,1)+IF(L33="",0,1)+IF(P33="",0,1) -> 1
B34: =Lookup!C479 -> 1893 | C34: =Lookup!D479 -> NC 54 at The Hamptons Apts (EB) | D34: =Lookup!E479 -> C | Q34: =IF(H34="",0,1)+IF(L34="",0,1)+IF(P34="",0,1) -> 0
B35: =Lookup!C61 -> 1901 | C35: =Lookup!D61 -> McFarland Dr at Witherspoon Blvd (Patte | D35: =Lookup!E61 -> A | E35: Cleaning + Trash Removal | F35: 45803 | H35: 45803 | I35: Cleaning + Trash Removal | J35: 45805 | L35: 45805 | Q35: =IF(H35="",0,1)+IF(L35="",0,1)+IF(P35="",0,1) -> 2
B36: =Lookup!C595 -> 1914 | C36: =Lookup!D595 -> University Dr at University Pl (EB) | D36: =Lookup!E595 -> C | Q36: =IF(H36="",0,1)+IF(L36="",0,1)+IF(P36="",0,1) -> 0
B37: =Lookup!C611 -> 5002 | C37: =Lookup!D611 -> Riddle Rd at Ancroft Ave (NB) | D37: =Lookup!E611 -> C | E37: Inspected -Found all OK | F37: 45784 | H37: 45784 | Q37: =IF(H37="",0,1)+IF(L37="",0,1)+IF(P37="",0,1) -> 1
B38: =Lookup!C201 -> 5004 | C38: =Lookup!D201 -> Alston Ave at Main St | D38: =Lookup!E201 -> B | E38: Cleaning + Trash Removal | F38: 45804 | H38: 45804 | Q38: =IF(H38="",0,1)+IF(L38="",0,1)+IF(P38="",0,1) -> 1
B39: =Lookup!C838 -> 5005 | C39: =Lookup!D838 -> Cornwallis Rd at Industry Ln | D39: =Lookup!E838 -> C | Q39: =IF(H39="",0,1)+IF(L39="",0,1)+IF(P39="",0,1) -> 0
B40: =Lookup!C889 -> 5006 | C40: =Lookup!D889 -> Alston Ave at Durham Freeway (NB) | D40: =Lookup!E889 -> C | Q40: =IF(H40="",0,1)+IF(L40="",0,1)+IF(P40="",0,1) -> 0
B41: =Lookup!C240 -> 5008 | C41: =Lookup!D240 -> S Alston Ave at Massey Ave (NB) | D41: =Lookup!E240 -> B | E41: Cleaning + Trash Removal | F41: 45804 | H41: 45804 | Q41: =IF(H41="",0,1)+IF(L41="",0,1)+IF(P41="",0,1) -> 1
B42: =Lookup!C466 -> 5017 | C42: =Lookup!D466 -> Chapel Hill Rd at McGehee St (NB) | D42: =Lookup!E466 -> C | Q42: =IF(H42="",0,1)+IF(L42="",0,1)+IF(P42="",0,1) -> 0
B43: =Lookup!C821 -> 5018 | C43: =Lookup!D821 -> Morehead Ave at Vickers Ave (WB) | D43: =Lookup!E821 -> C | Q43: =IF(H43="",0,1)+IF(L43="",0,1)+IF(P43="",0,1) -> 0
B44: =Lookup!C191 -> 5019 | C44: =Lookup!D191 -> Club Blvd at Chandlers Garage | D44: =Lookup!E191 -> B | E44: Cleaning + Trash Removal | F44: 45803 | H44: 45803 | Q44: =IF(H44="",0,1)+IF(L44="",0,1)+IF(P44="",0,1) -> 1
B45: =Lookup!C478 -> 5020 | C45: =Lookup!D478 -> Fayetteville Rd at Laurel Springs Dr | D45: =Lookup!E478 -> C | Q45: =IF(H45="",0,1)+IF(L45="",0,1)+IF(P45="",0,1) -> 0
B46: =Lookup!C482 -> 5021 | C46: =Lookup!D482 -> Chapel Hill Rd at W Cornwallis Rd (SB1) | D46: =Lookup!E482 -> C | Q46: =IF(H46="",0,1)+IF(L46="",0,1)+IF(P46="",0,1) -> 0
B47: =Lookup!C646 -> 5022 | C47: =Lookup!D646 -> N Alston Ave at Drew St (SB) | D47: =Lookup!E646 -> C | Q47: =IF(H47="",0,1)+IF(L47="",0,1)+IF(P47="",0,1) -> 0
B48: =Lookup!C669 -> 5023 | C48: =Lookup!D669 -> Avondale Dr at E Markham Ave (SB) | D48: =Lookup!E669 -> C | Q48: =IF(H48="",0,1)+IF(L48="",0,1)+IF(P48="",0,1) -> 0
B49: =Lookup!C739 -> 5027 | C49: =Lookup!D739 -> Club Blvd at Gregson St | D49: =Lookup!E739 -> C | Q49: =IF(H49="",0,1)+IF(L49="",0,1)+IF(P49="",0,1) -> 0
B50: =Lookup!C408 -> 5030 | C50: =Lookup!D408 -> Duke St at Main St | D50: =Lookup!E408 -> C | Q50: =IF(H50="",0,1)+IF(L50="",0,1)+IF(P50="",0,1) -> 0
B51: =Lookup!C529 -> 5031 | C51: =Lookup!D529 -> Carver St at Guess Rd | D51: =Lookup!E529 -> C | Q51: =IF(H51="",0,1)+IF(L51="",0,1)+IF(P51="",0,1) -> 0
B52: =Lookup!C894 -> 5032 | C52: =Lookup!D894 -> Roxboro Rd at Hammond St | D52: =Lookup!E894 -> C | E52: Cleaning + Trash Removal | F52: 45783 | H52: 45783 | Q52: =IF(H52="",0,1)+IF(L52="",0,1)+IF(P52="",0,1) -> 1
B53: =Lookup!C131 -> 5033 | C53: =Lookup!D131 -> Roxboro Rd at Bush Dr | D53: =Lookup!E131 -> A | E53: Cleaning + Trash Removal | F53: 45804 | H53: 45804 | I53: Cleaning + Trash Removal | J53: 45806 | L53: 45806 | Q53: =IF(H53="",0,1)+IF(L53="",0,1)+IF(P53="",0,1) -> 2
B54: =Lookup!C762 -> 5035 | C54: =Lookup!D762 -> Angier Ave at Pleasant Dr | D54: =Lookup!E762 -> C | Q54: =IF(H54="",0,1)+IF(L54="",0,1)+IF(P54="",0,1) -> 0
B55: =Lookup!C856 -> 5038 | C55: =Lookup!D856 -> Liberty St at Queen St | D55: =Lookup!E856 -> C | Q55: =IF(H55="",0,1)+IF(L55="",0,1)+IF(P55="",0,1) -> 0
B56: =Lookup!C136 -> 5039 | C56: =Lookup!D136 -> Fayetteville St at Piedmont Ave (SB) | D56: =Lookup!E136 -> A | E56: Cleaning + Trash Removal | F56: 45803 | H56: 45803 | I56: Cleaning + Trash Removal | J56: 45805 | L56: 45805 | Q56: =IF(H56="",0,1)+IF(L56="",0,1)+IF(P56="",0,1) -> 2
B57: =Lookup!C205 -> 5042 | C57: =Lookup!D205 -> University Dr at Weymouth St (WB) | D57: =Lookup!E205 -> B | E57: Cleaning + Trash Removal | F57: 45803 | H57: 45803 | I57: Cleaning + Trash Removal | J57: 45807 | L57: 45807 | Q57: =IF(H57="",0,1)+IF(L57="",0,1)+IF(P57="",0,1) -> 2
B58: =Lookup!C335 -> 5043 | C58: =Lookup!D335 -> Holloway St at Adams St (EB) | D58: =Lookup!E335 -> B | E58: Cleaning + Trash Removal | F58: 45804 | H58: 45804 | Q58: =IF(H58="",0,1)+IF(L58="",0,1)+IF(P58="",0,1) -> 1
B59: =Lookup!C397 -> 5044 | C59: =Lookup!D397 -> Duke St at Harper Pl | D59: =Lookup!E397 -> C | Q59: =IF(H59="",0,1)+IF(L59="",0,1)+IF(P59="",0,1) -> 0
B60: =Lookup!C668 -> 5045 | C60: =Lookup!D668 -> Roxboro Rd at Edgewood Dr | D60: =Lookup!E668 -> C | E60: Cleaning + Trash Removal | F60: 45783 | H60: 45783 | Q60: =IF(H60="",0,1)+IF(L60="",0,1)+IF(P60="",0,1) -> 1
B61: =Lookup!C755 -> 5047 | C61: =Lookup!D755 -> Roxboro Rd at Markham Ave (south) | D61: =Lookup!E755 -> C | E61: Cleaning + Trash Removal | F61: 45783 | H61: 45783 | Q61: =IF(H61="",0,1)+IF(L61="",0,1)+IF(P61="",0,1) -> 1
B62: =Lookup!C833 -> 5048 | C62: =Lookup!D833 -> Chapel Hill Rd at Pinecrest Rd | D62: =Lookup!E833 -> C | Q62: =IF(H62="",0,1)+IF(L62="",0,1)+IF(P62="",0,1) -> 0
B63: =Lookup!C602 -> 5054 | C63: =Lookup!D602 -> University Dr at Larchmont Dr | D63: =Lookup!E602 -> C | Q63: =IF(H63="",0,1)+IF(L63="",0,1)+IF(P63="",0,1) -> 0
B64: =Lookup!C782 -> 5055 | C64: =Lookup!D782 -> Gregson St at Englewood Ave | D64: =Lookup!E782 -> C | Q64: =IF(H64="",0,1)+IF(L64="",0,1)+IF(P64="",0,1) -> 0
B65: =Lookup!C629 -> 5056 | C65: =Lookup!D629 -> Lawson St at Sima Ave (EB) | D65: =Lookup!E629 -> C | Q65: =IF(H65="",0,1)+IF(L65="",0,1)+IF(P65="",0,1) -> 0
B66: =Lookup!C719 -> 5057 | C66: =Lookup!D719 -> Angier Ave at Driver St (EB) | D66: =Lookup!E719 -> C | Q66: =IF(H66="",0,1)+IF(L66="",0,1)+IF(P66="",0,1) -> 0
B67: =Lookup!C537 -> 5060 | C67: =Lookup!D537 -> Dearborn Dr at Ruth St | D67: =Lookup!E537 -> C | Q67: =IF(H67="",0,1)+IF(L67="",0,1)+IF(P67="",0,1) -> 0
B68: =Lookup!C171 -> 5063 | C68: =Lookup!D171 -> NC 54 at Residence Inn Blvd (WB) | D68: =Lookup!E171 -> B | E68: Inspected -Found all OK | F68: 45804 | H68: 45804 | Q68: =IF(H68="",0,1)+IF(L68="",0,1)+IF(P68="",0,1) -> 1
B69: =Lookup!C568 -> 5064 | C69: =Lookup!D568 -> Otis St at Red Oak Ave | D69: =Lookup!E568 -> C | Q69: =IF(H69="",0,1)+IF(L69="",0,1)+IF(P69="",0,1) -> 0
B70: =Lookup!C385 -> 5067 | C70: =Lookup!D385 -> Mangum St at Geer St | D70: =Lookup!E385 -> C | Q70: =IF(H70="",0,1)+IF(L70="",0,1)+IF(P70="",0,1) -> 0
B71: =Lookup!C382 -> 5075 | C71: =Lookup!D382 -> Milton Rd at Eno Valley Elementary (SB) | D71: =Lookup!E382 -> C | Q71: =IF(H71="",0,1)+IF(L71="",0,1)+IF(P71="",0,1) -> 0
B72: =Lookup!C329 -> 5078 | C72: =Lookup!D329 -> Trent Dr at Duke Hospital South (WB) | D72: =Lookup!E329 -> B | E72: Cleaning + Trash Removal | F72: 45803 | H72: 45803 | Q72: =IF(H72="",0,1)+IF(L72="",0,1)+IF(P72="",0,1) -> 1
B73: =Lookup!C86 -> 5080 | C73: =Lookup!D86 -> Fayetteville St at Homeland Ave (NB) | D73: =Lookup!E86 -> A | E73: Cleaning + Trash Removal | F73: 45803 | H73: 45803 | I73: Cleaning + Trash Removal | J73: 45805 | L73: 45805 | Q73: =IF(H73="",0,1)+IF(L73="",0,1)+IF(P73="",0,1) -> 2
B74: =Lookup!C845 -> 5081 | C74: =Lookup!D845 -> Trent Dr at Duke Circle Parking Deck | D74: =Lookup!E845 -> C | Q74: =IF(H74="",0,1)+IF(L74="",0,1)+IF(P74="",0,1) -> 0
B75: =Lookup!C212 -> 5084 | C75: =Lookup!D212 -> Old Farm Rd at Roxboro St (JFK Towers) | D75: =Lookup!E212 -> B | E75: Cleaning + Trash Removal | F75: 45803 | H75: 45803 | Q75: =IF(H75="",0,1)+IF(L75="",0,1)+IF(P75="",0,1) -> 1
B76: =Lookup!C430 -> 5088 | C76: =Lookup!D430 -> S Alston Ave at Massey Ave (SB) | D76: =Lookup!E430 -> C | Q76: =IF(H76="",0,1)+IF(L76="",0,1)+IF(P76="",0,1) -> 0
B77: =Lookup!C873 -> 5089 | C77: =Lookup!D873 -> Duke St at Englewood Ave | D77: =Lookup!E873 -> C | Q77: =IF(H77="",0,1)+IF(L77="",0,1)+IF(P77="",0,1) -> 0
B78: =Lookup!C309 -> 5091 | C78: =Lookup!D309 -> E Club Blvd at Glenbrook Dr (SB) | D78: =Lookup!E309 -> B | E78: Cleaning + Trash Removal | F78: 45804 | H78: 45804 | Q78: =IF(H78="",0,1)+IF(L78="",0,1)+IF(P78="",0,1) -> 1
B79: =Lookup!C497 -> 5093 | C79: =Lookup!D497 -> University Dr at South Square Mall | D79: =Lookup!E497 -> C | Q79: =IF(H79="",0,1)+IF(L79="",0,1)+IF(P79="",0,1) -> 0
B80: =Lookup!C709 -> 5094 | C80: =Lookup!D709 -> Lakewood Ave at Blackwell St | D80: =Lookup!E709 -> C | Q80: =IF(H80="",0,1)+IF(L80="",0,1)+IF(P80="",0,1) -> 0
B81: =Lookup!C386 -> 5097 | C81: =Lookup!D386 -> Roxboro Rd at Murray Ave | D81: =Lookup!E386 -> C | E81: Cleaning + Trash Removal | F81: 45783 | H81: 45783 | Q81: =IF(H81="",0,1)+IF(L81="",0,1)+IF(P81="",0,1) -> 1
B82: =Lookup!C461 -> 5099 | C82: =Lookup!D461 -> Carver St at Patrick Henry Dr (EB) | D82: =Lookup!E461 -> C | Q82: =IF(H82="",0,1)+IF(L82="",0,1)+IF(P82="",0,1) -> 0
B83: =Lookup!C458 -> 5100 | C83: =Lookup!D458 -> Weaver St at Weaver St Park | D83: =Lookup!E458 -> C | Q83: =IF(H83="",0,1)+IF(L83="",0,1)+IF(P83="",0,1) -> 0
B84: =Lookup!C895 -> 5101 | C84: =Lookup!D895 -> E Club Blvd at Thorne St | D84: =Lookup!E895 -> C | Q84: =IF(H84="",0,1)+IF(L84="",0,1)+IF(P84="",0,1) -> 0
B85: =Lookup!C304 -> 5102 | C85: =Lookup!D304 -> Shirley St at Crest St | D85: =Lookup!E304 -> B | E85: Cleaning + Trash Removal | F85: 45807 | H85: 45807 | Q85: =IF(H85="",0,1)+IF(L85="",0,1)+IF(P85="",0,1) -> 1
B86: =Lookup!C29 -> 5105 | C86: =Lookup!D29 -> Duke Regional Hospital (NB) | D86: =Lookup!E29 -> A | E86: Cleaning + Trash Removal | F86: 45803 | H86: 45803 | I86: Cleaning + Trash Removal | J86: 45805 | L86: 45805 | Q86: =IF(H86="",0,1)+IF(L86="",0,1)+IF(P86="",0,1) -> 2
B87: =Lookup!C95 -> 5106 | C87: =Lookup!D95 -> Erwin Rd at Research Dr | D87: =Lookup!E95 -> A | E87: Cleaning + Trash Removal | F87: 45804 | H87: 45804 | I87: Cleaning + Trash Removal | J87: 45806 | L87: 45806 | Q87: =IF(H87="",0,1)+IF(L87="",0,1)+IF(P87="",0,1) -> 2
B88: =Lookup!C428 -> 5110 | C88: =Lookup!D428 -> Fayetteville Rd at Wortley Dr | D88: =Lookup!E428 -> C | Q88: =IF(H88="",0,1)+IF(L88="",0,1)+IF(P88="",0,1) -> 0
B89: =Lookup!C223 -> 5111 | C89: =Lookup!D223 -> Lawson St at Merrick St (Pearson Cafete | D89: =Lookup!E223 -> B | E89: Cleaning + Trash Removal | F89: 45804 | H89: 45804 | Q89: =IF(H89="",0,1)+IF(L89="",0,1)+IF(P89="",0,1) -> 1
B90: =Lookup!C598 -> 5112 | C90: =Lookup!D598 -> Angier Ave at Commonwealth St | D90: =Lookup!E598 -> C | Q90: =IF(H90="",0,1)+IF(L90="",0,1)+IF(P90="",0,1) -> 0
B91: =Lookup!C262 -> 5113 | C91: =Lookup!D262 -> Blackwell St at Forest Hills Apts (SB) | D91: =Lookup!E262 -> B | E91: Cleaning + Trash Removal | F91: 45803 | H91: 45803 | Q91: =IF(H91="",0,1)+IF(L91="",0,1)+IF(P91="",0,1) -> 1
B92: =Lookup!C352 -> 5115 | C92: =Lookup!D352 -> Alston Ave at Dayton St (SB) | D92: =Lookup!E352 -> B | E92: Cleaning + Trash Removal | F92: 45804 | H92: 45804 | Q92: =IF(H92="",0,1)+IF(L92="",0,1)+IF(P92="",0,1) -> 1
B93: =Lookup!C785 -> 5116 | C93: =Lookup!D785 -> Roxboro St at Duke St (Autozone) | D93: =Lookup!E785 -> C | E93: Inspected -Found all OK | F93: 45783 | H93: 45783 | Q93: =IF(H93="",0,1)+IF(L93="",0,1)+IF(P93="",0,1) -> 1
B94: =Lookup!C168 -> 5118 | C94: =Lookup!D168 -> Martin Luther King Jr Pkwy at Lake Camp | D94: =Lookup!E168 -> B | E94: Cleaning + Trash Removal | F94: 45807 | H94: 45807 | Q94: =IF(H94="",0,1)+IF(L94="",0,1)+IF(P94="",0,1) -> 1
B95: =Lookup!C208 -> 5119 | C95: =Lookup!D208 -> Roxboro Rd at Ellerbee St (NB) | D95: =Lookup!E208 -> B | E95: Cleaning + Trash Removal | F95: 45804 | H95: 45804 | Q95: =IF(H95="",0,1)+IF(L95="",0,1)+IF(P95="",0,1) -> 1
B96: =Lookup!C98 -> 5121 | C96: =Lookup!D98 -> University Dr at Weymouth St (Near) | D96: =Lookup!E98 -> A | E96: Cleaning + Trash Removal | F96: 45803 | H96: 45803 | I96: Cleaning + Trash Removal | J96: 45807 | L96: 45807 | Q96: =IF(H96="",0,1)+IF(L96="",0,1)+IF(P96="",0,1) -> 2
B97: =Lookup!C566 -> 5125 | C97: =Lookup!D566 -> Hillsborough Rd at W Knox St | D97: =Lookup!E566 -> C | Q97: =IF(H97="",0,1)+IF(L97="",0,1)+IF(P97="",0,1) -> 0
B98: =Lookup!C137 -> 5126 | C98: =Lookup!D137 -> Avondale Dr at E Knox St (SB) | D98: =Lookup!E137 -> A | E98: Cleaning + Trash Removal | F98: 45804 | H98: 45804 | I98: Cleaning + Trash Removal | J98: 45806 | L98: 45806 | Q98: =IF(H98="",0,1)+IF(L98="",0,1)+IF(P98="",0,1) -> 2
B99: =Lookup!C37 -> 5127 | C99: =Lookup!D37 -> Seven Oaks Rd at Riverview Shopping Center | D99: =Lookup!E37 -> A | E99: Cleaning + Trash Removal | F99: 45804 | H99: 45804 | I99: Cleaning + Trash Removal | J99: 45807 | L99: 45807 | Q99: =IF(H99="",0,1)+IF(L99="",0,1)+IF(P99="",0,1) -> 2
B100: =Lookup!C401 -> 5128 | C100: =Lookup!D401 -> Roxboro Rd at Monk Rd (SB) | D100: =Lookup!E401 -> C | E100: Inspected -Found all OK | F100: 45783 | H100: 45783 | Q100: =IF(H100="",0,1)+IF(L100="",0,1)+IF(P100="",0,1) -> 1
B101: =Lookup!C666 -> 5129 | C101: =Lookup!D666 -> NC 54 at The Hamptons Apts (WB) | D101: =Lookup!E666 -> C | Q101: =IF(H101="",0,1)+IF(L101="",0,1)+IF(P101="",0,1) -> 0
...

Sheet JUN 25
B1: BUS STOP MAINTENANCE TRACKER JUNE 2025
B3: Bus Stop ID | C3: Bus Stop Locations | D3: Type | E3: Requested Service | F3: Service Request Received on | G3: Work Order sent to Contractor on | H3: Work Executed on (Mandatory) | I3: Requested Service | J3: Service Request Received on | K3: Work Order sent to Contractor on | L3: Work Executed on (Mandatory) | M3: Requested Service | N3: Service Request Received on | O3: Work Order sent to Contractor on | P3: Work Executed on (Mandatory) | Q3: Total number of Executions per Bus Stop
B4: =Lookup!C443 -> 1072 | C4: =Lookup!D443 -> Old Chapel Hill Rd at Garrett Rd (EB) | D4: =Lookup!E443 -> C | Q4: =IF(H4="",0,1)+IF(L4="",0,1)+IF(P4="",0,1) -> 0
B5: =Lookup!C776 -> 1074 | C5: =Lookup!D776 -> University Dr at American Red Cross | D5: =Lookup!E776 -> C | Q5: =IF(H5="",0,1)+IF(L5="",0,1)+IF(P5="",0,1) -> 0
B6: =Lookup!C273 -> 1075 | C6: =Lookup!D273 -> University Dr at Ivy Creek Blvd | D6: =Lookup!E273 -> B | Q6: =IF(H6="",0,1)+IF(L6="",0,1)+IF(P6="",0,1) -> 0
B7: =Lookup!C435 -> 1160 | C7: =Lookup!D435 -> NC 54 at Blanchard Rd (EB) | D7: =Lookup!E435 -> C | Q7: =IF(H7="",0,1)+IF(L7="",0,1)+IF(P7="",0,1) -> 0
B8: =Lookup!C510 -> 1161 | C8: =Lookup!D510 -> NC 54 at Residence Inn Blvd (EB) | D8: =Lookup!E510 -> C | Q8: =IF(H8="",0,1)+IF(L8="",0,1)+IF(P8="",0,1) -> 0
B9: =Lookup!C588 -> 1171 | C9: =Lookup!D588 -> NC 54 at Blanchard Rd (WB) | D9: =Lookup!E588 -> C | Q9: =IF(H9="",0,1)+IF(L9="",0,1)+IF(P9="",0,1) -> 0
B10: =Lookup!C545 -> 1175 | C10: =Lookup!D545 -> NC 54 at Fayetteville Rd (Duke Health) | D10: =Lookup!E545 -> C | Q10: =IF(H10="",0,1)+IF(L10="",0,1)+IF(P10="",0,1) -> 0
B11: =Lookup!C735 -> 1221 | C11: =Lookup!D735 -> Slater Rd at Page Rd (Imperial Point) | D11: =Lookup!E735 -> C | Q11: =IF(H11="",0,1)+IF(L11="",0,1)+IF(P11="",0,1) -> 0
B12: =Lookup!C877 -> 1222 | C12: =Lookup!D877 -> Slater Rd at Emperor Blvd (Chelsea Place) | D12: =Lookup!E877 -> C | Q12: =IF(H12="",0,1)+IF(L12="",0,1)+IF(P12="",0,1) -> 0
B13: =Lookup!C6 -> 1406 | C13: =Lookup!D6 -> Renaissance Pkwy at Southpoint Mall | D13: =Lookup!E6 -> A | Q13: =IF(H13="",0,1)+IF(L13="",0,1)+IF(P13="",0,1) -> 0
B14: =Lookup!C660 -> 1499 | C14: =Lookup!D660 -> Slater Rd at Page Rd (Coastal Credit Union) | D14: =Lookup!E660 -> C | Q14: =IF(H14="",0,1)+IF(L14="",0,1)+IF(P14="",0,1) -> 0
B15: =Lookup!C336 -> 1553 | C15: =Lookup!D336 -> Erwin Rd at Towerview Rd | D15: =Lookup!E336 -> B | Q15: =IF(H15="",0,1)+IF(L15="",0,1)+IF(P15="",0,1) -> 0
B16: =Lookup!C817 -> 1556 | C16: =Lookup!D817 -> NC 54 at New Millennium Way (EB) | D16: =Lookup!E817 -> C | Q16: =IF(H16="",0,1)+IF(L16="",0,1)+IF(P16="",0,1) -> 0
B17: =Lookup!C749 -> 1557 | C17: =Lookup!D749 -> NC 54 at New Millennium Way (WB) | D17: =Lookup!E749 -> C | Q17: =IF(H17="",0,1)+IF(L17="",0,1)+IF(P17="",0,1) -> 0
B18: =Lookup!C274 -> 1558 | C18: =Lookup!D274 -> Slater Rd at Creekstone Dr (Duke Medicine) | D18: =Lookup!E274 -> B | Q18: =IF(H18="",0,1)+IF(L18="",0,1)+IF(P18="",0,1) -> 0
B19: =Lookup!C892 -> 1563 | C19: =Lookup!D892 -> Slater Rd at Emperor Blvd (Bright Horiz | D19: =Lookup!E892 -> C | Q19: =IF(H19="",0,1)+IF(L19="",0,1)+IF(P19="",0,1) -> 0
B20: =Lookup!C565 -> 1566 | C20: =Lookup!D565 -> Slater Rd at S Miami Blvd (Zaxbys) | D20: =Lookup!E565 -> C | Q20: =IF(H20="",0,1)+IF(L20="",0,1)+IF(P20="",0,1) -> 0
B21: =Lookup!C869 -> 1732 | C21: =Lookup!D869 -> Stirrup Creek at Twin Creek Ct | D21: =Lookup!E869 -> C | Q21: =IF(H21="",0,1)+IF(L21="",0,1)+IF(P21="",0,1) -> 0
B22: =Lookup!C876 -> 1776 | C22: =Lookup!D876 -> Slater Rd at GoTriangle Admin Office | D22: =Lookup!E876 -> C | Q22: =IF(H22="",0,1)+IF(L22="",0,1)+IF(P22="",0,1) -> 0
B23: =Lookup!C777 -> 1777 | C23: =Lookup!D777 -> Slater Rd at Sheraton Hotel | D23: =Lookup!E777 -> C | Q23: =IF(H23="",0,1)+IF(L23="",0,1)+IF(P23="",0,1) -> 0
B24: =Lookup!C500 -> 1781 | C24: =Lookup!D500 -> NC 54 at Revere Rd (EB) | D24: =Lookup!E500 -> C | Q24: =IF(H24="",0,1)+IF(L24="",0,1)+IF(P24="",0,1) -> 0
B25: =Lookup!C738 -> 1804 | C25: =Lookup!D738 -> Renaissance Pkwy at Leonardo Dr (WB) | D25: =Lookup!E738 -> C | Q25: =IF(H25="",0,1)+IF(L25="",0,1)+IF(P25="",0,1) -> 0
B26: =Lookup!C374 -> 1805 | C26: =Lookup!D374 -> NC 54 at Amhurst St | D26: =Lookup!E374 -> C | Q26: =IF(H26="",0,1)+IF(L26="",0,1)+IF(P26="",0,1) -> 0
B27: =Lookup!C893 -> 1860 | C27: =Lookup!D893 -> NC 54 at Park Dr (EB) | D27: =Lookup!E893 -> C | Q27: =IF(H27="",0,1)+IF(L27="",0,1)+IF(P27="",0,1) -> 0
B28: =Lookup!C888 -> 1861 | C28: =Lookup!D888 -> NC 54 at Park Dr (First Citizens Bank) | D28: =Lookup!E888 -> C | Q28: =IF(H28="",0,1)+IF(L28="",0,1)+IF(P28="",0,1) -> 0
B29: =Lookup!C879 -> 1863 | C29: =Lookup!D879 -> NC 54 at Park Office Dr (The Frontier) | D29: =Lookup!E879 -> C | Q29: =IF(H29="",0,1)+IF(L29="",0,1)+IF(P29="",0,1) -> 0
B30: =Lookup!C857 -> 1864 | C30: =Lookup!D857 -> NC 54 at Research Triangle High School | D30: =Lookup!E857 -> C | Q30: =IF(H30="",0,1)+IF(L30="",0,1)+IF(P30="",0,1) -> 0
B31: =Lookup!C740 -> 1865 | C31: =Lookup!D740 -> NC 54 at Triangle Dr (WB) | D31: =Lookup!E740 -> C | Q31: =IF(H31="",0,1)+IF(L31="",0,1)+IF(P31="",0,1) -> 0
B32: =Lookup!C353 -> 1866 | C32: =Lookup!D353 -> NC 54 at Triangle Dr (EB) | D32: =Lookup!E353 -> C | Q32: =IF(H32="",0,1)+IF(L32="",0,1)+IF(P32="",0,1) -> 0
B33: =Lookup!C202 -> 1892 | C33: =Lookup!D202 -> Fayetteville Rd at Renaissance Pkwy | D33: =Lookup!E202 -> B | Q33: =IF(H33="",0,1)+IF(L33="",0,1)+IF(P33="",0,1) -> 0
B34: =Lookup!C479 -> 1893 | C34: =Lookup!D479 -> NC 54 at The Hamptons Apts (EB) | D34: =Lookup!E479 -> C | Q34: =IF(H34="",0,1)+IF(L34="",0,1)+IF(P34="",0,1) -> 0
B35: =Lookup!C61 -> 1901 | C35: =Lookup!D61 -> McFarland Dr at Witherspoon Blvd (Patte | D35: =Lookup!E61 -> A | Q35: =IF(H35="",0,1)+IF(L35="",0,1)+IF(P35="",0,1) -> 0
B36: =Lookup!C595 -> 1914 | C36: =Lookup!D595 -> University Dr at University Pl (EB) | D36: =Lookup!E595 -> C | Q36: =IF(H36="",0,1)+IF(L36="",0,1)+IF(P36="",0,1) -> 0
B37: =Lookup!C611 -> 5002 | C37: =Lookup!D611 -> Riddle Rd at Ancroft Ave (NB) | D37: =Lookup!E611 -> C | Q37: =IF(H37="",0,1)+IF(L37="",0,1)+IF(P37="",0,1) -> 0
B38: =Lookup!C201 -> 5004 | C38: =Lookup!D201 -> Alston Ave at Main St | D38: =Lookup!E201 -> B | Q38: =IF(H38="",0,1)+IF(L38="",0,1)+IF(P38="",0,1) -> 0
B39: =Lookup!C838 -> 5005 | C39: =Lookup!D838 -> Cornwallis Rd at Industry Ln | D39: =Lookup!E838 -> C | Q39: =IF(H39="",0,1)+IF(L39="",0,1)+IF(P39="",0,1) -> 0
B40: =Lookup!C889 -> 5006 | C40: =Lookup!D889 -> Alston Ave at Durham Freeway (NB) | D40: =Lookup!E889 -> C | Q40: =IF(H40="",0,1)+IF(L40="",0,1)+IF(P40="",0,1) -> 0
B41: =Lookup!C240 -> 5008 | C41: =Lookup!D240 -> S Alston Ave at Massey Ave (NB) | D41: =Lookup!E240 -> B | Q41: =IF(H41="",0,1)+IF(L41="",0,1)+IF(P41="",0,1) -> 0
B42: =Lookup!C466 -> 5017 | C42: =Lookup!D466 -> Chapel Hill Rd at McGehee St (NB) | D42: =Lookup!E466 -> C | Q42: =IF(H42="",0,1)+IF(L42="",0,1)+IF(P42="",0,1) -> 0
B43: =Lookup!C821 -> 5018 | C43: =Lookup!D821 -> Morehead Ave at Vickers Ave (WB) | D43: =Lookup!E821 -> C | Q43: =IF(H43="",0,1)+IF(L43="",0,1)+IF(P43="",0,1) -> 0
B44: =Lookup!C191 -> 5019 | C44: =Lookup!D191 -> Club Blvd at Chandlers Garage | D44: =Lookup!E191 -> B | Q44: =IF(H44="",0,1)+IF(L44="",0,1)+IF(P44="",0,1) -> 0
B45: =Lookup!C478 -> 5020 | C45: =Lookup!D478 -> Fayetteville Rd at Laurel Springs Dr | D45: =Lookup!E478 -> C | Q45: =IF(H45="",0,1)+IF(L45="",0,1)+IF(P45="",0,1) -> 0
B46: =Lookup!C482 -> 5021 | C46: =Lookup!D482 -> Chapel Hill Rd at W Cornwallis Rd (SB1) | D46: =Lookup!E482 -> C | Q46: =IF(H46="",0,1)+IF(L46="",0,1)+IF(P46="",0,1) -> 0
B47: =Lookup!C646 -> 5022 | C47: =Lookup!D646 -> N Alston Ave at Drew St (SB) | D47: =Lookup!E646 -> C | Q47: =IF(H47="",0,1)+IF(L47="",0,1)+IF(P47="",0,1) -> 0
B48: =Lookup!C669 -> 5023 | C48: =Lookup!D669 -> Avondale Dr at E Markham Ave (SB) | D48: =Lookup!E669 -> C | Q48: =IF(H48="",0,1)+IF(L48="",0,1)+IF(P48="",0,1) -> 0
B49: =Lookup!C739 -> 5027 | C49: =Lookup!D739 -> Club Blvd at Gregson St | D49: =Lookup!E739 -> C | Q49: =IF(H49="",0,1)+IF(L49="",0,1)+IF(P49="",0,1) -> 0
B50: =Lookup!C408 -> 5030 | C50: =Lookup!D408 -> Duke St at Main St | D50: =Lookup!E408 -> C | Q50: =IF(H50="",0,1)+IF(L50="",0,1)+IF(P50="",0,1) -> 0
B51: =Lookup!C529 -> 5031 | C51: =Lookup!D529 -> Carver St at Guess Rd | D51: =Lookup!E529 -> C | Q51: =IF(H51="",0,1)+IF(L51="",0,1)+IF(P51="",0,1) -> 0
B52: =Lookup!C894 -> 5032 | C52: =Lookup!D894 -> Roxboro Rd at Hammond St | D52: =Lookup!E894 -> C | Q52: =IF(H52="",0,1)+IF(L52="",0,1)+IF(P52="",0,1) -> 0
B53: =Lookup!C131 -> 5033 | C53: =Lookup!D131 -> Roxboro Rd at Bush Dr | D53: =Lookup!E131 -> A | Q53: =IF(H53="",0,1)+IF(L53="",0,1)+IF(P53="",0,1) -> 0
B54: =Lookup!C762 -> 5035 | C54: =Lookup!D762 -> Angier Ave at Pleasant Dr | D54: =Lookup!E762 -> C | Q54: =IF(H54="",0,1)+IF(L54="",0,1)+IF(P54="",0,1) -> 0
B55: =Lookup!C856 -> 5038 | C55: =Lookup!D856 -> Liberty St at Queen St | D55: =Lookup!E856 -> C | Q55: =IF(H55="",0,1)+IF(L55="",0,1)+IF(P55="",0,1) -> 0
B56: =Lookup!C136 -> 5039 | C56: =Lookup!D136 -> Fayetteville St at Piedmont Ave (SB) | D56: =Lookup!E136 -> A | Q56: =IF(H56="",0,1)+IF(L56="",0,1)+IF(P56="",0,1) -> 0
B57: =Lookup!C205 -> 5042 | C57: =Lookup!D205 -> University Dr at Weymouth St (WB) | D57: =Lookup!E205 -> B | Q57: =IF(H57="",0,1)+IF(L57="",0,1)+IF(P57="",0,1) -> 0
B58: =Lookup!C335 -> 5043 | C58: =Lookup!D335 -> Holloway St at Adams St (EB) | D58: =Lookup!E335 -> B | Q58: =IF(H58="",0,1)+IF(L58="",0,1)+IF(P58="",0,1) -> 0
B59: =Lookup!C397 -> 5044 | C59: =Lookup!D397 -> Duke St at Harper Pl | D59: =Lookup!E397 -> C | Q59: =IF(H59="",0,1)+IF(L59="",0,1)+IF(P59="",0,1) -> 0
B60: =Lookup!C668 -> 5045 | C60: =Lookup!D668 -> Roxboro Rd at Edgewood Dr | D60: =Lookup!E668 -> C | Q60: =IF(H60="",0,1)+IF(L60="",0,1)+IF(P60="",0,1) -> 0
B61: =Lookup!C755 -> 5047 | C61: =Lookup!D755 -> Roxboro Rd at Markham Ave (south) | D61: =Lookup!E755 -> C | Q61: =IF(H61="",0,1)+IF(L61="",0,1)+IF(P61="",0,1) -> 0
B62: =Lookup!C833 -> 5048 | C62: =Lookup!D833 -> Chapel Hill Rd at Pinecrest Rd | D62: =Lookup!E833 -> C | Q62: =IF(H62="",0,1)+IF(L62="",0,1)+IF(P62="",0,1) -> 0
B63: =Lookup!C602 -> 5054 | C63: =Lookup!D602 -> University Dr at Larchmont Dr | D63: =Lookup!E602 -> C | Q63: =IF(H63="",0,1)+IF(L63="",0,1)+IF(P63="",0,1) -> 0
B64: =Lookup!C782 -> 5055 | C64: =Lookup!D782 -> Gregson St at Englewood Ave | D64: =Lookup!E782 -> C | Q64: =IF(H64="",0,1)+IF(L64="",0,1)+IF(P64="",0,1) -> 0
B65: =Lookup!C629 -> 5056 | C65: =Lookup!D629 -> Lawson St at Sima Ave (EB) | D65: =Lookup!E629 -> C | Q65: =IF(H65="",0,1)+IF(L65="",0,1)+IF(P65="",0,1) -> 0
B66: =Lookup!C719 -> 5057 | C66: =Lookup!D719 -> Angier Ave at Driver St (EB) | D66: =Lookup!E719 -> C | Q66: =IF(H66="",0,1)+IF(L66="",0,1)+IF(P66="",0,1) -> 0
B67: =Lookup!C537 -> 5060 | C67: =Lookup!D537 -> Dearborn Dr at Ruth St | D67: =Lookup!E537 -> C | Q67: =IF(H67="",0,1)+IF(L67="",0,1)+IF(P67="",0,1) -> 0
B68: =Lookup!C171 -> 5063 | C68: =Lookup!D171 -> NC 54 at Residence Inn Blvd (WB) | D68: =Lookup!E171 -> B | Q68: =IF(H68="",0,1)+IF(L68="",0,1)+IF(P68="",0,1) -> 0
B69: =Lookup!C568 -> 5064 | C69: =Lookup!D568 -> Otis St at Red Oak Ave | D69: =Lookup!E568 -> C | Q69: =IF(H69="",0,1)+IF(L69="",0,1)+IF(P69="",0,1) -> 0
B70: =Lookup!C385 -> 5067 | C70: =Lookup!D385 -> Mangum St at Geer St | D70: =Lookup!E385 -> C | Q70: =IF(H70="",0,1)+IF(L70="",0,1)+IF(P70="",0,1) -> 0
B71: =Lookup!C382 -> 5075 | C71: =Lookup!D382 -> Milton Rd at Eno Valley Elementary (SB) | D71: =Lookup!E382 -> C | Q71: =IF(H71="",0,1)+IF(L71="",0,1)+IF(P71="",0,1) -> 0
B72: =Lookup!C329 -> 5078 | C72: =Lookup!D329 -> Trent Dr at Duke Hospital South (WB) | D72: =Lookup!E329 -> B | Q72: =IF(H72="",0,1)+IF(L72="",0,1)+IF(P72="",0,1) -> 0
B73: =Lookup!C86 -> 5080 | C73: =Lookup!D86 -> Fayetteville St at Homeland Ave (NB) | D73: =Lookup!E86 -> A | Q73: =IF(H73="",0,1)+IF(L73="",0,1)+IF(P73="",0,1) -> 0
B74: =Lookup!C845 -> 5081 | C74: =Lookup!D845 -> Trent Dr at Duke Circle Parking Deck | D74: =Lookup!E845 -> C | Q74: =IF(H74="",0,1)+IF(L74="",0,1)+IF(P74="",0,1) -> 0
B75: =Lookup!C212 -> 5084 | C75: =Lookup!D212 -> Old Farm Rd at Roxboro St (JFK Towers) | D75: =Lookup!E212 -> B | Q75: =IF(H75="",0,1)+IF(L75="",0,1)+IF(P75="",0,1) -> 0
B76: =Lookup!C430 -> 5088 | C76: =Lookup!D430 -> S Alston Ave at Massey Ave (SB) | D76: =Lookup!E430 -> C | Q76: =IF(H76="",0,1)+IF(L76="",0,1)+IF(P76="",0,1) -> 0
B77: =Lookup!C873 -> 5089 | C77: =Lookup!D873 -> Duke St at Englewood Ave | D77: =Lookup!E873 -> C | Q77: =IF(H77="",0,1)+IF(L77="",0,1)+IF(P77="",0,1) -> 0
B78: =Lookup!C309 -> 5091 | C78: =Lookup!D309 -> E Club Blvd at Glenbrook Dr (SB) | D78: =Lookup!E309 -> B | Q78: =IF(H78="",0,1)+IF(L78="",0,1)+IF(P78="",0,1) -> 0
B79: =Lookup!C497 -> 5093 | C79: =Lookup!D497 -> University Dr at South Square Mall | D79: =Lookup!E497 -> C | Q79: =IF(H79="",0,1)+IF(L79="",0,1)+IF(P79="",0,1) -> 0
B80: =Lookup!C709 -> 5094 | C80: =Lookup!D709 -> Lakewood Ave at Blackwell St | D80: =Lookup!E709 -> C | Q80: =IF(H80="",0,1)+IF(L80="",0,1)+IF(P80="",0,1) -> 0
B81: =Lookup!C386 -> 5097 | C81: =Lookup!D386 -> Roxboro Rd at Murray Ave | D81: =Lookup!E386 -> C | Q81: =IF(H81="",0,1)+IF(L81="",0,1)+IF(P81="",0,1) -> 0
B82: =Lookup!C461 -> 5099 | C82: =Lookup!D461 -> Carver St at Patrick Henry Dr (EB) | D82: =Lookup!E461 -> C | Q82: =IF(H82="",0,1)+IF(L82="",0,1)+IF(P82="",0,1) -> 0
B83: =Lookup!C458 -> 5100 | C83: =Lookup!D458 -> Weaver St at Weaver St Park | D83: =Lookup!E458 -> C | Q83: =IF(H83="",0,1)+IF(L83="",0,1)+IF(P83="",0,1) -> 0
B84: =Lookup!C895 -> 5101 | C84: =Lookup!D895 -> E Club Blvd at Thorne St | D84: =Lookup!E895 -> C | Q84: =IF(H84="",0,1)+IF(L84="",0,1)+IF(P84="",0,1) -> 0
B85: =Lookup!C304 -> 5102 | C85: =Lookup!D304 -> Shirley St at Crest St | D85: =Lookup!E304 -> B | Q85: =IF(H85="",0,1)+IF(L85="",0,1)+IF(P85="",0,1) -> 0
B86: =Lookup!C29 -> 5105 | C86: =Lookup!D29 -> Duke Regional Hospital (NB) | D86: =Lookup!E29 -> A | Q86: =IF(H86="",0,1)+IF(L86="",0,1)+IF(P86="",0,1) -> 0
B87: =Lookup!C95 -> 5106 | C87: =Lookup!D95 -> Erwin Rd at Research Dr | D87: =Lookup!E95 -> A | Q87: =IF(H87="",0,1)+IF(L87="",0,1)+IF(P87="",0,1) -> 0
B88: =Lookup!C428 -> 5110 | C88: =Lookup!D428 -> Fayetteville Rd at Wortley Dr | D88: =Lookup!E428 -> C | Q88: =IF(H88="",0,1)+IF(L88="",0,1)+IF(P88="",0,1) -> 0
B89: =Lookup!C223 -> 5111 | C89: =Lookup!D223 -> Lawson St at Merrick St (Pearson Cafete | D89: =Lookup!E223 -> B | Q89: =IF(H89="",0,1)+IF(L89="",0,1)+IF(P89="",0,1) -> 0
B90: =Lookup!C598 -> 5112 | C90: =Lookup!D598 -> Angier Ave at Commonwealth St | D90: =Lookup!E598 -> C | Q90: =IF(H90="",0,1)+IF(L90="",0,1)+IF(P90="",0,1) -> 0
B91: =Lookup!C262 -> 5113 | C91: =Lookup!D262 -> Blackwell St at Forest Hills Apts (SB) | D91: =Lookup!E262 -> B | Q91: =IF(H91="",0,1)+IF(L91="",0,1)+IF(P91="",0,1) -> 0
B92: =Lookup!C352 -> 5115 | C92: =Lookup!D352 -> Alston Ave at Dayton St (SB) | D92: =Lookup!E352 -> B | Q92: =IF(H92="",0,1)+IF(L92="",0,1)+IF(P92="",0,1) -> 0
B93: =Lookup!C785 -> 5116 | C93: =Lookup!D785 -> Roxboro St at Duke St (Autozone) | D93: =Lookup!E785 -> C | Q93: =IF(H93="",0,1)+IF(L93="",0,1)+IF(P93="",0,1) -> 0
B94: =Lookup!C168 -> 5118 | C94: =Lookup!D168 -> Martin Luther King Jr Pkwy at Lake Camp | D94: =Lookup!E168 -> B | Q94: =IF(H94="",0,1)+IF(L94="",0,1)+IF(P94="",0,1) -> 0
B95: =Lookup!C208 -> 5119 | C95: =Lookup!D208 -> Roxboro Rd at Ellerbee St (NB) | D95: =Lookup!E208 -> B | Q95: =IF(H95="",0,1)+IF(L95="",0,1)+IF(P95="",0,1) -> 0
B96: =Lookup!C98 -> 5121 | C96: =Lookup!D98 -> University Dr at Weymouth St (Near) | D96: =Lookup!E98 -> A | Q96: =IF(H96="",0,1)+IF(L96="",0,1)+IF(P96="",0,1) -> 0
B97: =Lookup!C566 -> 5125 | C97: =Lookup!D566 -> Hillsborough Rd at W Knox St | D97: =Lookup!E566 -> C | Q97: =IF(H97="",0,1)+IF(L97="",0,1)+IF(P97="",0,1) -> 0
B98: =Lookup!C137 -> 5126 | C98: =Lookup!D137 -> Avondale Dr at E Knox St (SB) | D98: =Lookup!E137 -> A | Q98: =IF(H98="",0,1)+IF(L98="",0,1)+IF(P98="",0,1) -> 0
B99: =Lookup!C37 -> 5127 | C99: =Lookup!D37 -> Seven Oaks Rd at Riverview Shopping Center | D99: =Lookup!E37 -> A | Q99: =IF(H99="",0,1)+IF(L99="",0,1)+IF(P99="",0,1) -> 0
B100: =Lookup!C401 -> 5128 | C100: =Lookup!D401 -> Roxboro Rd at Monk Rd (SB) | D100: =Lookup!E401 -> C | Q100: =IF(H100="",0,1)+IF(L100="",0,1)+IF(P100="",0,1) -> 0
B101: =Lookup!C666 -> 5129 | C101: =Lookup!D666 -> NC 54 at The Hamptons Apts (WB) | D101: =Lookup!E666 -> C | Q101: =IF(H101="",0,1)+IF(L101="",0,1)+IF(P101="",0,1) -> 0
...

Sheet JUL 25
B1: BUS STOP MAINTENANCE TRACKER JULY 2025
B3: Bus Stop ID | C3: Bus Stop Locations | D3: Type | E3: Requested Service | F3: Service Request Received on | G3: Work Order sent to Contractor on | H3: Work Executed on (Mandatory) | I3: Requested Service | J3: Service Request Received on | K3: Work Order sent to Contractor on | L3: Work Executed on (Mandatory) | M3: Requested Service | N3: Service Request Received on | O3: Work Order sent to Contractor on | P3: Work Executed on (Mandatory) | Q3: Total number of Executions per Bus Stop
B4: =Lookup!C443 -> 1072 | C4: =Lookup!D443 -> Old Chapel Hill Rd at Garrett Rd (EB) | D4: =Lookup!E443 -> C | Q4: =IF(H4="",0,1)+IF(L4="",0,1)+IF(P4="",0,1) -> 0
B5: =Lookup!C776 -> 1074 | C5: =Lookup!D776 -> University Dr at American Red Cross | D5: =Lookup!E776 -> C | Q5: =IF(H5="",0,1)+IF(L5="",0,1)+IF(P5="",0,1) -> 0
B6: =Lookup!C273 -> 1075 | C6: =Lookup!D273 -> University Dr at Ivy Creek Blvd | D6: =Lookup!E273 -> B | Q6: =IF(H6="",0,1)+IF(L6="",0,1)+IF(P6="",0,1) -> 0
B7: =Lookup!C435 -> 1160 | C7: =Lookup!D435 -> NC 54 at Blanchard Rd (EB) | D7: =Lookup!E435 -> C | Q7: =IF(H7="",0,1)+IF(L7="",0,1)+IF(P7="",0,1) -> 0
B8: =Lookup!C510 -> 1161 | C8: =Lookup!D510 -> NC 54 at Residence Inn Blvd (EB) | D8: =Lookup!E510 -> C | Q8: =IF(H8="",0,1)+IF(L8="",0,1)+IF(P8="",0,1) -> 0
B9: =Lookup!C588 -> 1171 | C9: =Lookup!D588 -> NC 54 at Blanchard Rd (WB) | D9: =Lookup!E588 -> C | Q9: =IF(H9="",0,1)+IF(L9="",0,1)+IF(P9="",0,1) -> 0
B10: =Lookup!C545 -> 1175 | C10: =Lookup!D545 -> NC 54 at Fayetteville Rd (Duke Health) | D10: =Lookup!E545 -> C | Q10: =IF(H10="",0,1)+IF(L10="",0,1)+IF(P10="",0,1) -> 0
B11: =Lookup!C735 -> 1221 | C11: =Lookup!D735 -> Slater Rd at Page Rd (Imperial Point) | D11: =Lookup!E735 -> C | Q11: =IF(H11="",0,1)+IF(L11="",0,1)+IF(P11="",0,1) -> 0
B12: =Lookup!C877 -> 1222 | C12: =Lookup!D877 -> Slater Rd at Emperor Blvd (Chelsea Place) | D12: =Lookup!E877 -> C | Q12: =IF(H12="",0,1)+IF(L12="",0,1)+IF(P12="",0,1) -> 0
B13: =Lookup!C6 -> 1406 | C13: =Lookup!D6 -> Renaissance Pkwy at Southpoint Mall | D13: =Lookup!E6 -> A | Q13: =IF(H13="",0,1)+IF(L13="",0,1)+IF(P13="",0,1) -> 0
B14: =Lookup!C660 -> 1499 | C14: =Lookup!D660 -> Slater Rd at Page Rd (Coastal Credit Union) | D14: =Lookup!E660 -> C | Q14: =IF(H14="",0,1)+IF(L14="",0,1)+IF(P14="",0,1) -> 0
B15: =Lookup!C336 -> 1553 | C15: =Lookup!D336 -> Erwin Rd at Towerview Rd | D15: =Lookup!E336 -> B | Q15: =IF(H15="",0,1)+IF(L15="",0,1)+IF(P15="",0,1) -> 0
B16: =Lookup!C817 -> 1556 | C16: =Lookup!D817 -> NC 54 at New Millennium Way (EB) | D16: =Lookup!E817 -> C | Q16: =IF(H16="",0,1)+IF(L16="",0,1)+IF(P16="",0,1) -> 0
B17: =Lookup!C749 -> 1557 | C17: =Lookup!D749 -> NC 54 at New Millennium Way (WB) | D17: =Lookup!E749 -> C | Q17: =IF(H17="",0,1)+IF(L17="",0,1)+IF(P17="",0,1) -> 0
B18: =Lookup!C274 -> 1558 | C18: =Lookup!D274 -> Slater Rd at Creekstone Dr (Duke Medicine) | D18: =Lookup!E274 -> B | Q18: =IF(H18="",0,1)+IF(L18="",0,1)+IF(P18="",0,1) -> 0
B19: =Lookup!C892 -> 1563 | C19: =Lookup!D892 -> Slater Rd at Emperor Blvd (Bright Horiz | D19: =Lookup!E892 -> C | Q19: =IF(H19="",0,1)+IF(L19="",0,1)+IF(P19="",0,1) -> 0
B20: =Lookup!C565 -> 1566 | C20: =Lookup!D565 -> Slater Rd at S Miami Blvd (Zaxbys) | D20: =Lookup!E565 -> C | Q20: =IF(H20="",0,1)+IF(L20="",0,1)+IF(P20="",0,1) -> 0
B21: =Lookup!C869 -> 1732 | C21: =Lookup!D869 -> Stirrup Creek at Twin Creek Ct | D21: =Lookup!E869 -> C | Q21: =IF(H21="",0,1)+IF(L21="",0,1)+IF(P21="",0,1) -> 0
B22: =Lookup!C876 -> 1776 | C22: =Lookup!D876 -> Slater Rd at GoTriangle Admin Office | D22: =Lookup!E876 -> C | Q22: =IF(H22="",0,1)+IF(L22="",0,1)+IF(P22="",0,1) -> 0
B23: =Lookup!C777 -> 1777 | C23: =Lookup!D777 -> Slater Rd at Sheraton Hotel | D23: =Lookup!E777 -> C | Q23: =IF(H23="",0,1)+IF(L23="",0,1)+IF(P23="",0,1) -> 0
B24: =Lookup!C500 -> 1781 | C24: =Lookup!D500 -> NC 54 at Revere Rd (EB) | D24: =Lookup!E500 -> C | Q24: =IF(H24="",0,1)+IF(L24="",0,1)+IF(P24="",0,1) -> 0
B25: =Lookup!C738 -> 1804 | C25: =Lookup!D738 -> Renaissance Pkwy at Leonardo Dr (WB) | D25: =Lookup!E738 -> C | Q25: =IF(H25="",0,1)+IF(L25="",0,1)+IF(P25="",0,1) -> 0
B26: =Lookup!C374 -> 1805 | C26: =Lookup!D374 -> NC 54 at Amhurst St | D26: =Lookup!E374 -> C | Q26: =IF(H26="",0,1)+IF(L26="",0,1)+IF(P26="",0,1) -> 0
B27: =Lookup!C893 -> 1860 | C27: =Lookup!D893 -> NC 54 at Park Dr (EB) | D27: =Lookup!E893 -> C | Q27: =IF(H27="",0,1)+IF(L27="",0,1)+IF(P27="",0,1) -> 0
B28: =Lookup!C888 -> 1861 | C28: =Lookup!D888 -> NC 54 at Park Dr (First Citizens Bank) | D28: =Lookup!E888 -> C | Q28: =IF(H28="",0,1)+IF(L28="",0,1)+IF(P28="",0,1) -> 0
B29: =Lookup!C879 -> 1863 | C29: =Lookup!D879 -> NC 54 at Park Office Dr (The Frontier) | D29: =Lookup!E879 -> C | Q29: =IF(H29="",0,1)+IF(L29="",0,1)+IF(P29="",0,1) -> 0
B30: =Lookup!C857 -> 1864 | C30: =Lookup!D857 -> NC 54 at Research Triangle High School | D30: =Lookup!E857 -> C | Q30: =IF(H30="",0,1)+IF(L30="",0,1)+IF(P30="",0,1) -> 0
B31: =Lookup!C740 -> 1865 | C31: =Lookup!D740 -> NC 54 at Triangle Dr (WB) | D31: =Lookup!E740 -> C | Q31: =IF(H31="",0,1)+IF(L31="",0,1)+IF(P31="",0,1) -> 0
B32: =Lookup!C353 -> 1866 | C32: =Lookup!D353 -> NC 54 at Triangle Dr (EB) | D32: =Lookup!E353 -> C | Q32: =IF(H32="",0,1)+IF(L32="",0,1)+IF(P32="",0,1) -> 0
B33: =Lookup!C202 -> 1892 | C33: =Lookup!D202 -> Fayetteville Rd at Renaissance Pkwy | D33: =Lookup!E202 -> B | Q33: =IF(H33="",0,1)+IF(L33="",0,1)+IF(P33="",0,1) -> 0
B34: =Lookup!C479 -> 1893 | C34: =Lookup!D479 -> NC 54 at The Hamptons Apts (EB) | D34: =Lookup!E479 -> C | Q34: =IF(H34="",0,1)+IF(L34="",0,1)+IF(P34="",0,1) -> 0
B35: =Lookup!C61 -> 1901 | C35: =Lookup!D61 -> McFarland Dr at Witherspoon Blvd (Patte | D35: =Lookup!E61 -> A | Q35: =IF(H35="",0,1)+IF(L35="",0,1)+IF(P35="",0,1) -> 0
B36: =Lookup!C595 -> 1914 | C36: =Lookup!D595 -> University Dr at University Pl (EB) | D36: =Lookup!E595 -> C | Q36: =IF(H36="",0,1)+IF(L36="",0,1)+IF(P36="",0,1) -> 0
B37: =Lookup!C611 -> 5002 | C37: =Lookup!D611 -> Riddle Rd at Ancroft Ave (NB) | D37: =Lookup!E611 -> C | Q37: =IF(H37="",0,1)+IF(L37="",0,1)+IF(P37="",0,1) -> 0
B38: =Lookup!C201 -> 5004 | C38: =Lookup!D201 -> Alston Ave at Main St | D38: =Lookup!E201 -> B | Q38: =IF(H38="",0,1)+IF(L38="",0,1)+IF(P38="",0,1) -> 0
B39: =Lookup!C838 -> 5005 | C39: =Lookup!D838 -> Cornwallis Rd at Industry Ln | D39: =Lookup!E838 -> C | Q39: =IF(H39="",0,1)+IF(L39="",0,1)+IF(P39="",0,1) -> 0
B40: =Lookup!C889 -> 5006 | C40: =Lookup!D889 -> Alston Ave at Durham Freeway (NB) | D40: =Lookup!E889 -> C | Q40: =IF(H40="",0,1)+IF(L40="",0,1)+IF(P40="",0,1) -> 0
B41: =Lookup!C240 -> 5008 | C41: =Lookup!D240 -> S Alston Ave at Massey Ave (NB) | D41: =Lookup!E240 -> B | Q41: =IF(H41="",0,1)+IF(L41="",0,1)+IF(P41="",0,1) -> 0
B42: =Lookup!C466 -> 5017 | C42: =Lookup!D466 -> Chapel Hill Rd at McGehee St (NB) | D42: =Lookup!E466 -> C | Q42: =IF(H42="",0,1)+IF(L42="",0,1)+IF(P42="",0,1) -> 0
B43: =Lookup!C821 -> 5018 | C43: =Lookup!D821 -> Morehead Ave at Vickers Ave (WB) | D43: =Lookup!E821 -> C | Q43: =IF(H43="",0,1)+IF(L43="",0,1)+IF(P43="",0,1) -> 0
B44: =Lookup!C191 -> 5019 | C44: =Lookup!D191 -> Club Blvd at Chandlers Garage | D44: =Lookup!E191 -> B | Q44: =IF(H44="",0,1)+IF(L44="",0,1)+IF(P44="",0,1) -> 0
B45: =Lookup!C478 -> 5020 | C45: =Lookup!D478 -> Fayetteville Rd at Laurel Springs Dr | D45: =Lookup!E478 -> C | Q45: =IF(H45="",0,1)+IF(L45="",0,1)+IF(P45="",0,1) -> 0
B46: =Lookup!C482 -> 5021 | C46: =Lookup!D482 -> Chapel Hill Rd at W Cornwallis Rd (SB1) | D46: =Lookup!E482 -> C | Q46: =IF(H46="",0,1)+IF(L46="",0,1)+IF(P46="",0,1) -> 0
B47: =Lookup!C646 -> 5022 | C47: =Lookup!D646 -> N Alston Ave at Drew St (SB) | D47: =Lookup!E646 -> C | Q47: =IF(H47="",0,1)+IF(L47="",0,1)+IF(P47="",0,1) -> 0
B48: =Lookup!C669 -> 5023 | C48: =Lookup!D669 -> Avondale Dr at E Markham Ave (SB) | D48: =Lookup!E669 -> C | Q48: =IF(H48="",0,1)+IF(L48="",0,1)+IF(P48="",0,1) -> 0
B49: =Lookup!C739 -> 5027 | C49: =Lookup!D739 -> Club Blvd at Gregson St | D49: =Lookup!E739 -> C | Q49: =IF(H49="",0,1)+IF(L49="",0,1)+IF(P49="",0,1) -> 0
B50: =Lookup!C408 -> 5030 | C50: =Lookup!D408 -> Duke St at Main St | D50: =Lookup!E408 -> C | Q50: =IF(H50="",0,1)+IF(L50="",0,1)+IF(P50="",0,1) -> 0
B51: =Lookup!C529 -> 5031 | C51: =Lookup!D529 -> Carver St at Guess Rd | D51: =Lookup!E529 -> C | Q51: =IF(H51="",0,1)+IF(L51="",0,1)+IF(P51="",0,1) -> 0
B52: =Lookup!C894 -> 5032 | C52: =Lookup!D894 -> Roxboro Rd at Hammond St | D52: =Lookup!E894 -> C | Q52: =IF(H52="",0,1)+IF(L52="",0,1)+IF(P52="",0,1) -> 0
B53: =Lookup!C131 -> 5033 | C53: =Lookup!D131 -> Roxboro Rd at Bush Dr | D53: =Lookup!E131 -> A | Q53: =IF(H53="",0,1)+IF(L53="",0,1)+IF(P53="",0,1) -> 0
B54: =Lookup!C762 -> 5035 | C54: =Lookup!D762 -> Angier Ave at Pleasant Dr | D54: =Lookup!E762 -> C | Q54: =IF(H54="",0,1)+IF(L54="",0,1)+IF(P54="",0,1) -> 0
B55: =Lookup!C856 -> 5038 | C55: =Lookup!D856 -> Liberty St at Queen St | D55: =Lookup!E856 -> C | Q55: =IF(H55="",0,1)+IF(L55="",0,1)+IF(P55="",0,1) -> 0
B56: =Lookup!C136 -> 5039 | C56: =Lookup!D136 -> Fayetteville St at Piedmont Ave (SB) | D56: =Lookup!E136 -> A | Q56: =IF(H56="",0,1)+IF(L56="",0,1)+IF(P56="",0,1) -> 0
B57: =Lookup!C205 -> 5042 | C57: =Lookup!D205 -> University Dr at Weymouth St (WB) | D57: =Lookup!E205 -> B | Q57: =IF(H57="",0,1)+IF(L57="",0,1)+IF(P57="",0,1) -> 0
B58: =Lookup!C335 -> 5043 | C58: =Lookup!D335 -> Holloway St at Adams St (EB) | D58: =Lookup!E335 -> B | Q58: =IF(H58="",0,1)+IF(L58="",0,1)+IF(P58="",0,1) -> 0
B59: =Lookup!C397 -> 5044 | C59: =Lookup!D397 -> Duke St at Harper Pl | D59: =Lookup!E397 -> C | Q59: =IF(H59="",0,1)+IF(L59="",0,1)+IF(P59="",0,1) -> 0
B60: =Lookup!C668 -> 5045 | C60: =Lookup!D668 -> Roxboro Rd at Edgewood Dr | D60: =Lookup!E668 -> C | Q60: =IF(H60="",0,1)+IF(L60="",0,1)+IF(P60="",0,1) -> 0
B61: =Lookup!C755 -> 5047 | C61: =Lookup!D755 -> Roxboro Rd at Markham Ave (south) | D61: =Lookup!E755 -> C | Q61: =IF(H61="",0,1)+IF(L61="",0,1)+IF(P61="",0,1) -> 0
B62: =Lookup!C833 -> 5048 | C62: =Lookup!D833 -> Chapel Hill Rd at Pinecrest Rd | D62: =Lookup!E833 -> C | Q62: =IF(H62="",0,1)+IF(L62="",0,1)+IF(P62="",0,1) -> 0
B63: =Lookup!C602 -> 5054 | C63: =Lookup!D602 -> University Dr at Larchmont Dr | D63: =Lookup!E602 -> C | Q63: =IF(H63="",0,1)+IF(L63="",0,1)+IF(P63="",0,1) -> 0
B64: =Lookup!C782 -> 5055 | C64: =Lookup!D782 -> Gregson St at Englewood Ave | D64: =Lookup!E782 -> C | Q64: =IF(H64="",0,1)+IF(L64="",0,1)+IF(P64="",0,1) -> 0
B65: =Lookup!C629 -> 5056 | C65: =Lookup!D629 -> Lawson St at Sima Ave (EB) | D65: =Lookup!E629 -> C | Q65: =IF(H65="",0,1)+IF(L65="",0,1)+IF(P65="",0,1) -> 0
B66: =Lookup!C719 -> 5057 | C66: =Lookup!D719 -> Angier Ave at Driver St (EB) | D66: =Lookup!E719 -> C | Q66: =IF(H66="",0,1)+IF(L66="",0,1)+IF(P66="",0,1) -> 0
B67: =Lookup!C537 -> 5060 | C67: =Lookup!D537 -> Dearborn Dr at Ruth St | D67: =Lookup!E537 -> C | Q67: =IF(H67="",0,1)+IF(L67="",0,1)+IF(P67="",0,1) -> 0
B68: =Lookup!C171 -> 5063 | C68: =Lookup!D171 -> NC 54 at Residence Inn Blvd (WB) | D68: =Lookup!E171 -> B | Q68: =IF(H68="",0,1)+IF(L68="",0,1)+IF(P68="",0,1) -> 0
B69: =Lookup!C568 -> 5064 | C69: =Lookup!D568 -> Otis St at Red Oak Ave | D69: =Lookup!E568 -> C | Q69: =IF(H69="",0,1)+IF(L69="",0,1)+IF(P69="",0,1) -> 0
B70: =Lookup!C385 -> 5067 | C70: =Lookup!D385 -> Mangum St at Geer St | D70: =Lookup!E385 -> C | Q70: =IF(H70="",0,1)+IF(L70="",0,1)+IF(P70="",0,1) -> 0
B71: =Lookup!C382 -> 5075 | C71: =Lookup!D382 -> Milton Rd at Eno Valley Elementary (SB) | D71: =Lookup!E382 -> C | Q71: =IF(H71="",0,1)+IF(L71="",0,1)+IF(P71="",0,1) -> 0
B72: =Lookup!C329 -> 5078 | C72: =Lookup!D329 -> Trent Dr at Duke Hospital South (WB) | D72: =Lookup!E329 -> B | Q72: =IF(H72="",0,1)+IF(L72="",0,1)+IF(P72="",0,1) -> 0
B73: =Lookup!C86 -> 5080 | C73: =Lookup!D86 -> Fayetteville St at Homeland Ave (NB) | D73: =Lookup!E86 -> A | Q73: =IF(H73="",0,1)+IF(L73="",0,1)+IF(P73="",0,1) -> 0
B74: =Lookup!C845 -> 5081 | C74: =Lookup!D845 -> Trent Dr at Duke Circle Parking Deck | D74: =Lookup!E845 -> C | Q74: =IF(H74="",0,1)+IF(L74="",0,1)+IF(P74="",0,1) -> 0
B75: =Lookup!C212 -> 5084 | C75: =Lookup!D212 -> Old Farm Rd at Roxboro St (JFK Towers) | D75: =Lookup!E212 -> B | Q75: =IF(H75="",0,1)+IF(L75="",0,1)+IF(P75="",0,1) -> 0
B76: =Lookup!C430 -> 5088 | C76: =Lookup!D430 -> S Alston Ave at Massey Ave (SB) | D76: =Lookup!E430 -> C | Q76: =IF(H76="",0,1)+IF(L76="",0,1)+IF(P76="",0,1) -> 0
B77: =Lookup!C873 -> 5089 | C77: =Lookup!D873 -> Duke St at Englewood Ave | D77: =Lookup!E873 -> C | Q77: =IF(H77="",0,1)+IF(L77="",0,1)+IF(P77="",0,1) -> 0
B78: =Lookup!C309 -> 5091 | C78: =Lookup!D309 -> E Club Blvd at Glenbrook Dr (SB) | D78: =Lookup!E309 -> B | Q78: =IF(H78="",0,1)+IF(L78="",0,1)+IF(P78="",0,1) -> 0
B79: =Lookup!C497 -> 5093 | C79: =Lookup!D497 -> University Dr at South Square Mall | D79: =Lookup!E497 -> C | Q79: =IF(H79="",0,1)+IF(L79="",0,1)+IF(P79="",0,1) -> 0
B80: =Lookup!C709 -> 5094 | C80: =Lookup!D709 -> Lakewood Ave at Blackwell St | D80: =Lookup!E709 -> C | Q80: =IF(H80="",0,1)+IF(L80="",0,1)+IF(P80="",0,1) -> 0
B81: =Lookup!C386 -> 5097 | C81: =Lookup!D386 -> Roxboro Rd at Murray Ave | D81: =Lookup!E386 -> C | Q81: =IF(H81="",0,1)+IF(L81="",0,1)+IF(P81="",0,1) -> 0
B82: =Lookup!C461 -> 5099 | C82: =Lookup!D461 -> Carver St at Patrick Henry Dr (EB) | D82: =Lookup!E461 -> C | Q82: =IF(H82="",0,1)+IF(L82="",0,1)+IF(P82="",0,1) -> 0
B83: =Lookup!C458 -> 5100 | C83: =Lookup!D458 -> Weaver St at Weaver St Park | D83: =Lookup!E458 -> C | Q83: =IF(H83="",0,1)+IF(L83="",0,1)+IF(P83="",0,1) -> 0
B84: =Lookup!C895 -> 5101 | C84: =Lookup!D895 -> E Club Blvd at Thorne St | D84: =Lookup!E895 -> C | Q84: =IF(H84="",0,1)+IF(L84="",0,1)+IF(P84="",0,1) -> 0
B85: =Lookup!C304 -> 5102 | C85: =Lookup!D304 -> Shirley St at Crest St | D85: =Lookup!E304 -> B | Q85: =IF(H85="",0,1)+IF(L85="",0,1)+IF(P85="",0,1) -> 0
B86: =Lookup!C29 -> 5105 | C86: =Lookup!D29 -> Duke Regional Hospital (NB) | D86: =Lookup!E29 -> A | Q86: =IF(H86="",0,1)+IF(L86="",0,1)+IF(P86="",0,1) -> 0
B87: =Lookup!C95 -> 5106 | C87: =Lookup!D95 -> Erwin Rd at Research Dr | D87: =Lookup!E95 -> A | Q87: =IF(H87="",0,1)+IF(L87="",0,1)+IF(P87="",0,1) -> 0
B88: =Lookup!C428 -> 5110 | C88: =Lookup!D428 -> Fayetteville Rd at Wortley Dr | D88: =Lookup!E428 -> C | Q88: =IF(H88="",0,1)+IF(L88="",0,1)+IF(P88="",0,1) -> 0
B89: =Lookup!C223 -> 5111 | C89: =Lookup!D223 -> Lawson St at Merrick St (Pearson Cafete | D89: =Lookup!E223 -> B | Q89: =IF(H89="",0,1)+IF(L89="",0,1)+IF(P89="",0,1) -> 0
B90: =Lookup!C598 -> 5112 | C90: =Lookup!D598 -> Angier Ave at Commonwealth St | D90: =Lookup!E598 -> C | Q90: =IF(H90="",0,1)+IF(L90="",0,1)+IF(P90="",0,1) -> 0
B91: =Lookup!C262 -> 5113 | C91: =Lookup!D262 -> Blackwell St at Forest Hills Apts (SB) | D91: =Lookup!E262 -> B | Q91: =IF(H91="",0,1)+IF(L91="",0,1)+IF(P91="",0,1) -> 0
B92: =Lookup!C352 -> 5115 | C92: =Lookup!D352 -> Alston Ave at Dayton St (SB) | D92: =Lookup!E352 -> B | Q92: =IF(H92="",0,1)+IF(L92="",0,1)+IF(P92="",0,1) -> 0
B93: =Lookup!C785 -> 5116 | C93: =Lookup!D785 -> Roxboro St at Duke St (Autozone) | D93: =Lookup!E785 -> C | Q93: =IF(H93="",0,1)+IF(L93="",0,1)+IF(P93="",0,1) -> 0
B94: =Lookup!C168 -> 5118 | C94: =Lookup!D168 -> Martin Luther King Jr Pkwy at Lake Camp | D94: =Lookup!E168 -> B | Q94: =IF(H94="",0,1)+IF(L94="",0,1)+IF(P94="",0,1) -> 0
B95: =Lookup!C208 -> 5119 | C95: =Lookup!D208 -> Roxboro Rd at Ellerbee St (NB) | D95: =Lookup!E208 -> B | Q95: =IF(H95="",0,1)+IF(L95="",0,1)+IF(P95="",0,1) -> 0
B96: =Lookup!C98 -> 5121 | C96: =Lookup!D98 -> University Dr at Weymouth St (Near) | D96: =Lookup!E98 -> A | Q96: =IF(H96="",0,1)+IF(L96="",0,1)+IF(P96="",0,1) -> 0
B97: =Lookup!C566 -> 5125 | C97: =Lookup!D566 -> Hillsborough Rd at W Knox St | D97: =Lookup!E566 -> C | Q97: =IF(H97="",0,1)+IF(L97="",0,1)+IF(P97="",0,1) -> 0
B98: =Lookup!C137 -> 5126 | C98: =Lookup!D137 -> Avondale Dr at E Knox St (SB) | D98: =Lookup!E137 -> A | Q98: =IF(H98="",0,1)+IF(L98="",0,1)+IF(P98="",0,1) -> 0
B99: =Lookup!C37 -> 5127 | C99: =Lookup!D37 -> Seven Oaks Rd at Riverview Shopping Center | D99: =Lookup!E37 -> A | Q99: =IF(H99="",0,1)+IF(L99="",0,1)+IF(P99="",0,1) -> 0
B100: =Lookup!C401 -> 5128 | C100: =Lookup!D401 -> Roxboro Rd at Monk Rd (SB) | D100: =Lookup!E401 -> C | Q100: =IF(H100="",0,1)+IF(L100="",0,1)+IF(P100="",0,1) -> 0
B101: =Lookup!C666 -> 5129 | C101: =Lookup!D666 -> NC 54 at The Hamptons Apts (WB) | D101: =Lookup!E666 -> C | Q101: =IF(H101="",0,1)+IF(L101="",0,1)+IF(P101="",0,1) -> 0
...

Sheet AUG 25
B1: BUS STOP MAINTENANCE TRACKER AUGUST 2025
B3: Bus Stop ID | C3: Bus Stop Locations | D3: Type | E3: Requested Service | F3: Service Request Received on | G3: Work Order sent to Contractor on | H3: Work Executed on (Mandatory) | I3: Requested Service | J3: Service Request Received on | K3: Work Order sent to Contractor on | L3: Work Executed on (Mandatory) | M3: Requested Service | N3: Service Request Received on | O3: Work Order sent to Contractor on | P3: Work Executed on (Mandatory) | Q3: Total number of Executions per Bus Stop
B4: =Lookup!C443 -> 1072 | C4: =Lookup!D443 -> Old Chapel Hill Rd at Garrett Rd (EB) | D4: =Lookup!E443 -> C | Q4: =IF(H4="",0,1)+IF(L4="",0,1)+IF(P4="",0,1) -> 0
B5: =Lookup!C776 -> 1074 | C5: =Lookup!D776 -> University Dr at American Red Cross | D5: =Lookup!E776 -> C | Q5: =IF(H5="",0,1)+IF(L5="",0,1)+IF(P5="",0,1) -> 0
B6: =Lookup!C273 -> 1075 | C6: =Lookup!D273 -> University Dr at Ivy Creek Blvd | D6: =Lookup!E273 -> B | Q6: =IF(H6="",0,1)+IF(L6="",0,1)+IF(P6="",0,1) -> 0
B7: =Lookup!C435 -> 1160 | C7: =Lookup!D435 -> NC 54 at Blanchard Rd (EB) | D7: =Lookup!E435 -> C | Q7: =IF(H7="",0,1)+IF(L7="",0,1)+IF(P7="",0,1) -> 0
B8: =Lookup!C510 -> 1161 | C8: =Lookup!D510 -> NC 54 at Residence Inn Blvd (EB) | D8: =Lookup!E510 -> C | Q8: =IF(H8="",0,1)+IF(L8="",0,1)+IF(P8="",0,1) -> 0
B9: =Lookup!C588 -> 1171 | C9: =Lookup!D588 -> NC 54 at Blanchard Rd (WB) | D9: =Lookup!E588 -> C | Q9: =IF(H9="",0,1)+IF(L9="",0,1)+IF(P9="",0,1) -> 0
B10: =Lookup!C545 -> 1175 | C10: =Lookup!D545 -> NC 54 at Fayetteville Rd (Duke Health) | D10: =Lookup!E545 -> C | Q10: =IF(H10="",0,1)+IF(L10="",0,1)+IF(P10="",0,1) -> 0
B11: =Lookup!C735 -> 1221 | C11: =Lookup!D735 -> Slater Rd at Page Rd (Imperial Point) | D11: =Lookup!E735 -> C | Q11: =IF(H11="",0,1)+IF(L11="",0,1)+IF(P11="",0,1) -> 0
B12: =Lookup!C877 -> 1222 | C12: =Lookup!D877 -> Slater Rd at Emperor Blvd (Chelsea Place) | D12: =Lookup!E877 -> C | Q12: =IF(H12="",0,1)+IF(L12="",0,1)+IF(P12="",0,1) -> 0
B13: =Lookup!C6 -> 1406 | C13: =Lookup!D6 -> Renaissance Pkwy at Southpoint Mall | D13: =Lookup!E6 -> A | Q13: =IF(H13="",0,1)+IF(L13="",0,1)+IF(P13="",0,1) -> 0
B14: =Lookup!C660 -> 1499 | C14: =Lookup!D660 -> Slater Rd at Page Rd (Coastal Credit Union) | D14: =Lookup!E660 -> C | Q14: =IF(H14="",0,1)+IF(L14="",0,1)+IF(P14="",0,1) -> 0
B15: =Lookup!C336 -> 1553 | C15: =Lookup!D336 -> Erwin Rd at Towerview Rd | D15: =Lookup!E336 -> B | Q15: =IF(H15="",0,1)+IF(L15="",0,1)+IF(P15="",0,1) -> 0
B16: =Lookup!C817 -> 1556 | C16: =Lookup!D817 -> NC 54 at New Millennium Way (EB) | D16: =Lookup!E817 -> C | Q16: =IF(H16="",0,1)+IF(L16="",0,1)+IF(P16="",0,1) -> 0
B17: =Lookup!C749 -> 1557 | C17: =Lookup!D749 -> NC 54 at New Millennium Way (WB) | D17: =Lookup!E749 -> C | Q17: =IF(H17="",0,1)+IF(L17="",0,1)+IF(P17="",0,1) -> 0
B18: =Lookup!C274 -> 1558 | C18: =Lookup!D274 -> Slater Rd at Creekstone Dr (Duke Medicine) | D18: =Lookup!E274 -> B | Q18: =IF(H18="",0,1)+IF(L18="",0,1)+IF(P18="",0,1) -> 0
B19: =Lookup!C892 -> 1563 | C19: =Lookup!D892 -> Slater Rd at Emperor Blvd (Bright Horiz | D19: =Lookup!E892 -> C | Q19: =IF(H19="",0,1)+IF(L19="",0,1)+IF(P19="",0,1) -> 0
B20: =Lookup!C565 -> 1566 | C20: =Lookup!D565 -> Slater Rd at S Miami Blvd (Zaxbys) | D20: =Lookup!E565 -> C | Q20: =IF(H20="",0,1)+IF(L20="",0,1)+IF(P20="",0,1) -> 0
B21: =Lookup!C869 -> 1732 | C21: =Lookup!D869 -> Stirrup Creek at Twin Creek Ct | D21: =Lookup!E869 -> C | Q21: =IF(H21="",0,1)+IF(L21="",0,1)+IF(P21="",0,1) -> 0
B22: =Lookup!C876 -> 1776 | C22: =Lookup!D876 -> Slater Rd at GoTriangle Admin Office | D22: =Lookup!E876 -> C | Q22: =IF(H22="",0,1)+IF(L22="",0,1)+IF(P22="",0,1) -> 0
B23: =Lookup!C777 -> 1777 | C23: =Lookup!D777 -> Slater Rd at Sheraton Hotel | D23: =Lookup!E777 -> C | Q23: =IF(H23="",0,1)+IF(L23="",0,1)+IF(P23="",0,1) -> 0
B24: =Lookup!C500 -> 1781 | C24: =Lookup!D500 -> NC 54 at Revere Rd (EB) | D24: =Lookup!E500 -> C | Q24: =IF(H24="",0,1)+IF(L24="",0,1)+IF(P24="",0,1) -> 0
B25: =Lookup!C738 -> 1804 | C25: =Lookup!D738 -> Renaissance Pkwy at Leonardo Dr (WB) | D25: =Lookup!E738 -> C | Q25: =IF(H25="",0,1)+IF(L25="",0,1)+IF(P25="",0,1) -> 0
B26: =Lookup!C374 -> 1805 | C26: =Lookup!D374 -> NC 54 at Amhurst St | D26: =Lookup!E374 -> C | Q26: =IF(H26="",0,1)+IF(L26="",0,1)+IF(P26="",0,1) -> 0
B27: =Lookup!C893 -> 1860 | C27: =Lookup!D893 -> NC 54 at Park Dr (EB) | D27: =Lookup!E893 -> C | Q27: =IF(H27="",0,1)+IF(L27="",0,1)+IF(P27="",0,1) -> 0
B28: =Lookup!C888 -> 1861 | C28: =Lookup!D888 -> NC 54 at Park Dr (First Citizens Bank) | D28: =Lookup!E888 -> C | Q28: =IF(H28="",0,1)+IF(L28="",0,1)+IF(P28="",0,1) -> 0
B29: =Lookup!C879 -> 1863 | C29: =Lookup!D879 -> NC 54 at Park Office Dr (The Frontier) | D29: =Lookup!E879 -> C | Q29: =IF(H29="",0,1)+IF(L29="",0,1)+IF(P29="",0,1) -> 0
B30: =Lookup!C857 -> 1864 | C30: =Lookup!D857 -> NC 54 at Research Triangle High School | D30: =Lookup!E857 -> C | Q30: =IF(H30="",0,1)+IF(L30="",0,1)+IF(P30="",0,1) -> 0
B31: =Lookup!C740 -> 1865 | C31: =Lookup!D740 -> NC 54 at Triangle Dr (WB) | D31: =Lookup!E740 -> C | Q31: =IF(H31="",0,1)+IF(L31="",0,1)+IF(P31="",0,1) -> 0
B32: =Lookup!C353 -> 1866 | C32: =Lookup!D353 -> NC 54 at Triangle Dr (EB) | D32: =Lookup!E353 -> C | Q32: =IF(H32="",0,1)+IF(L32="",0,1)+IF(P32="",0,1) -> 0
B33: =Lookup!C202 -> 1892 | C33: =Lookup!D202 -> Fayetteville Rd at Renaissance Pkwy | D33: =Lookup!E202 -> B | Q33: =IF(H33="",0,1)+IF(L33="",0,1)+IF(P33="",0,1) -> 0
B34: =Lookup!C479 -> 1893 | C34: =Lookup!D479 -> NC 54 at The Hamptons Apts (EB) | D34: =Lookup!E479 -> C | Q34: =IF(H34="",0,1)+IF(L34="",0,1)+IF(P34="",0,1) -> 0
B35: =Lookup!C61 -> 1901 | C35: =Lookup!D61 -> McFarland Dr at Witherspoon Blvd (Patte | D35: =Lookup!E61 -> A | Q35: =IF(H35="",0,1)+IF(L35="",0,1)+IF(P35="",0,1) -> 0
B36: =Lookup!C595 -> 1914 | C36: =Lookup!D595 -> University Dr at University Pl (EB) | D36: =Lookup!E595 -> C | Q36: =IF(H36="",0,1)+IF(L36="",0,1)+IF(P36="",0,1) -> 0
B37: =Lookup!C611 -> 5002 | C37: =Lookup!D611 -> Riddle Rd at Ancroft Ave (NB) | D37: =Lookup!E611 -> C | Q37: =IF(H37="",0,1)+IF(L37="",0,1)+IF(P37="",0,1) -> 0
B38: =Lookup!C201 -> 5004 | C38: =Lookup!D201 -> Alston Ave at Main St | D38: =Lookup!E201 -> B | Q38: =IF(H38="",0,1)+IF(L38="",0,1)+IF(P38="",0,1) -> 0
B39: =Lookup!C838 -> 5005 | C39: =Lookup!D838 -> Cornwallis Rd at Industry Ln | D39: =Lookup!E838 -> C | Q39: =IF(H39="",0,1)+IF(L39="",0,1)+IF(P39="",0,1) -> 0
B40: =Lookup!C889 -> 5006 | C40: =Lookup!D889 -> Alston Ave at Durham Freeway (NB) | D40: =Lookup!E889 -> C | Q40: =IF(H40="",0,1)+IF(L40="",0,1)+IF(P40="",0,1) -> 0
B41: =Lookup!C240 -> 5008 | C41: =Lookup!D240 -> S Alston Ave at Massey Ave (NB) | D41: =Lookup!E240 -> B | Q41: =IF(H41="",0,1)+IF(L41="",0,1)+IF(P41="",0,1) -> 0
B42: =Lookup!C466 -> 5017 | C42: =Lookup!D466 -> Chapel Hill Rd at McGehee St (NB) | D42: =Lookup!E466 -> C | Q42: =IF(H42="",0,1)+IF(L42="",0,1)+IF(P42="",0,1) -> 0
B43: =Lookup!C821 -> 5018 | C43: =Lookup!D821 -> Morehead Ave at Vickers Ave (WB) | D43: =Lookup!E821 -> C | Q43: =IF(H43="",0,1)+IF(L43="",0,1)+IF(P43="",0,1) -> 0
B44: =Lookup!C191 -> 5019 | C44: =Lookup!D191 -> Club Blvd at Chandlers Garage | D44: =Lookup!E191 -> B | Q44: =IF(H44="",0,1)+IF(L44="",0,1)+IF(P44="",0,1) -> 0
B45: =Lookup!C478 -> 5020 | C45: =Lookup!D478 -> Fayetteville Rd at Laurel Springs Dr | D45: =Lookup!E478 -> C | Q45: =IF(H45="",0,1)+IF(L45="",0,1)+IF(P45="",0,1) -> 0
B46: =Lookup!C482 -> 5021 | C46: =Lookup!D482 -> Chapel Hill Rd at W Cornwallis Rd (SB1) | D46: =Lookup!E482 -> C | Q46: =IF(H46="",0,1)+IF(L46="",0,1)+IF(P46="",0,1) -> 0
B47: =Lookup!C646 -> 5022 | C47: =Lookup!D646 -> N Alston Ave at Drew St (SB) | D47: =Lookup!E646 -> C | Q47: =IF(H47="",0,1)+IF(L47="",0,1)+IF(P47="",0,1) -> 0
B48: =Lookup!C669 -> 5023 | C48: =Lookup!D669 -> Avondale Dr at E Markham Ave (SB) | D48: =Lookup!E669 -> C | Q48: =IF(H48="",0,1)+IF(L48="",0,1)+IF(P48="",0,1) -> 0
B49: =Lookup!C739 -> 5027 | C49: =Lookup!D739 -> Club Blvd at Gregson St | D49: =Lookup!E739 -> C | Q49: =IF(H49="",0,1)+IF(L49="",0,1)+IF(P49="",0,1) -> 0
B50: =Lookup!C408 -> 5030 | C50: =Lookup!D408 -> Duke St at Main St | D50: =Lookup!E408 -> C | Q50: =IF(H50="",0,1)+IF(L50="",0,1)+IF(P50="",0,1) -> 0
B51: =Lookup!C529 -> 5031 | C51: =Lookup!D529 -> Carver St at Guess Rd | D51: =Lookup!E529 -> C | Q51: =IF(H51="",0,1)+IF(L51="",0,1)+IF(P51="",0,1) -> 0
B52: =Lookup!C894 -> 5032 | C52: =Lookup!D894 -> Roxboro Rd at Hammond St | D52: =Lookup!E894 -> C | Q52: =IF(H52="",0,1)+IF(L52="",0,1)+IF(P52="",0,1) -> 0
B53: =Lookup!C131 -> 5033 | C53: =Lookup!D131 -> Roxboro Rd at Bush Dr | D53: =Lookup!E131 -> A | Q53: =IF(H53="",0,1)+IF(L53="",0,1)+IF(P53="",0,1) -> 0
B54: =Lookup!C762 -> 5035 | C54: =Lookup!D762 -> Angier Ave at Pleasant Dr | D54: =Lookup!E762 -> C | Q54: =IF(H54="",0,1)+IF(L54="",0,1)+IF(P54="",0,1) -> 0
B55: =Lookup!C856 -> 5038 | C55: =Lookup!D856 -> Liberty St at Queen St | D55: =Lookup!E856 -> C | Q55: =IF(H55="",0,1)+IF(L55="",0,1)+IF(P55="",0,1) -> 0
B56: =Lookup!C136 -> 5039 | C56: =Lookup!D136 -> Fayetteville St at Piedmont Ave (SB) | D56: =Lookup!E136 -> A | Q56: =IF(H56="",0,1)+IF(L56="",0,1)+IF(P56="",0,1) -> 0
B57: =Lookup!C205 -> 5042 | C57: =Lookup!D205 -> University Dr at Weymouth St (WB) | D57: =Lookup!E205 -> B | Q57: =IF(H57="",0,1)+IF(L57="",0,1)+IF(P57="",0,1) -> 0
B58: =Lookup!C335 -> 5043 | C58: =Lookup!D335 -> Holloway St at Adams St (EB) | D58: =Lookup!E335 -> B | Q58: =IF(H58="",0,1)+IF(L58="",0,1)+IF(P58="",0,1) -> 0
B59: =Lookup!C397 -> 5044 | C59: =Lookup!D397 -> Duke St at Harper Pl | D59: =Lookup!E397 -> C | Q59: =IF(H59="",0,1)+IF(L59="",0,1)+IF(P59="",0,1) -> 0
B60: =Lookup!C668 -> 5045 | C60: =Lookup!D668 -> Roxboro Rd at Edgewood Dr | D60: =Lookup!E668 -> C | Q60: =IF(H60="",0,1)+IF(L60="",0,1)+IF(P60="",0,1) -> 0
B61: =Lookup!C755 -> 5047 | C61: =Lookup!D755 -> Roxboro Rd at Markham Ave (south) | D61: =Lookup!E755 -> C | Q61: =IF(H61="",0,1)+IF(L61="",0,1)+IF(P61="",0,1) -> 0
B62: =Lookup!C833 -> 5048 | C62: =Lookup!D833 -> Chapel Hill Rd at Pinecrest Rd | D62: =Lookup!E833 -> C | Q62: =IF(H62="",0,1)+IF(L62="",0,1)+IF(P62="",0,1) -> 0
B63: =Lookup!C602 -> 5054 | C63: =Lookup!D602 -> University Dr at Larchmont Dr | D63: =Lookup!E602 -> C | Q63: =IF(H63="",0,1)+IF(L63="",0,1)+IF(P63="",0,1) -> 0
B64: =Lookup!C782 -> 5055 | C64: =Lookup!D782 -> Gregson St at Englewood Ave | D64: =Lookup!E782 -> C | Q64: =IF(H64="",0,1)+IF(L64="",0,1)+IF(P64="",0,1) -> 0
B65: =Lookup!C629 -> 5056 | C65: =Lookup!D629 -> Lawson St at Sima Ave (EB) | D65: =Lookup!E629 -> C | Q65: =IF(H65="",0,1)+IF(L65="",0,1)+IF(P65="",0,1) -> 0
B66: =Lookup!C719 -> 5057 | C66: =Lookup!D719 -> Angier Ave at Driver St (EB) | D66: =Lookup!E719 -> C | Q66: =IF(H66="",0,1)+IF(L66="",0,1)+IF(P66="",0,1) -> 0
B67: =Lookup!C537 -> 5060 | C67: =Lookup!D537 -> Dearborn Dr at Ruth St | D67: =Lookup!E537 -> C | Q67: =IF(H67="",0,1)+IF(L67="",0,1)+IF(P67="",0,1) -> 0
B68: =Lookup!C171 -> 5063 | C68: =Lookup!D171 -> NC 54 at Residence Inn Blvd (WB) | D68: =Lookup!E171 -> B | Q68: =IF(H68="",0,1)+IF(L68="",0,1)+IF(P68="",0,1) -> 0
B69: =Lookup!C568 -> 5064 | C69: =Lookup!D568 -> Otis St at Red Oak Ave | D69: =Lookup!E568 -> C | Q69: =IF(H69="",0,1)+IF(L69="",0,1)+IF(P69="",0,1) -> 0
B70: =Lookup!C385 -> 5067 | C70: =Lookup!D385 -> Mangum St at Geer St | D70: =Lookup!E385 -> C | Q70: =IF(H70="",0,1)+IF(L70="",0,1)+IF(P70="",0,1) -> 0
B71: =Lookup!C382 -> 5075 | C71: =Lookup!D382 -> Milton Rd at Eno Valley Elementary (SB) | D71: =Lookup!E382 -> C | Q71: =IF(H71="",0,1)+IF(L71="",0,1)+IF(P71="",0,1) -> 0
B72: =Lookup!C329 -> 5078 | C72: =Lookup!D329 -> Trent Dr at Duke Hospital South (WB) | D72: =Lookup!E329 -> B | Q72: =IF(H72="",0,1)+IF(L72="",0,1)+IF(P72="",0,1) -> 0
B73: =Lookup!C86 -> 5080 | C73: =Lookup!D86 -> Fayetteville St at Homeland Ave (NB) | D73: =Lookup!E86 -> A | Q73: =IF(H73="",0,1)+IF(L73="",0,1)+IF(P73="",0,1) -> 0
B74: =Lookup!C845 -> 5081 | C74: =Lookup!D845 -> Trent Dr at Duke Circle Parking Deck | D74: =Lookup!E845 -> C | Q74: =IF(H74="",0,1)+IF(L74="",0,1)+IF(P74="",0,1) -> 0
B75: =Lookup!C212 -> 5084 | C75: =Lookup!D212 -> Old Farm Rd at Roxboro St (JFK Towers) | D75: =Lookup!E212 -> B | Q75: =IF(H75="",0,1)+IF(L75="",0,1)+IF(P75="",0,1) -> 0
B76: =Lookup!C430 -> 5088 | C76: =Lookup!D430 -> S Alston Ave at Massey Ave (SB) | D76: =Lookup!E430 -> C | Q76: =IF(H76="",0,1)+IF(L76="",0,1)+IF(P76="",0,1) -> 0
B77: =Lookup!C873 -> 5089 | C77: =Lookup!D873 -> Duke St at Englewood Ave | D77: =Lookup!E873 -> C | Q77: =IF(H77="",0,1)+IF(L77="",0,1)+IF(P77="",0,1) -> 0
B78: =Lookup!C309 -> 5091 | C78: =Lookup!D309 -> E Club Blvd at Glenbrook Dr (SB) | D78: =Lookup!E309 -> B | Q78: =IF(H78="",0,1)+IF(L78="",0,1)+IF(P78="",0,1) -> 0
B79: =Lookup!C497 -> 5093 | C79: =Lookup!D497 -> University Dr at South Square Mall | D79: =Lookup!E497 -> C | Q79: =IF(H79="",0,1)+IF(L79="",0,1)+IF(P79="",0,1) -> 0
B80: =Lookup!C709 -> 5094 | C80: =Lookup!D709 -> Lakewood Ave at Blackwell St | D80: =Lookup!E709 -> C | Q80: =IF(H80="",0,1)+IF(L80="",0,1)+IF(P80="",0,1) -> 0
B81: =Lookup!C386 -> 5097 | C81: =Lookup!D386 -> Roxboro Rd at Murray Ave | D81: =Lookup!E386 -> C | Q81: =IF(H81="",0,1)+IF(L81="",0,1)+IF(P81="",0,1) -> 0
B82: =Lookup!C461 -> 5099 | C82: =Lookup!D461 -> Carver St at Patrick Henry Dr (EB) | D82: =Lookup!E461 -> C | Q82: =IF(H82="",0,1)+IF(L82="",0,1)+IF(P82="",0,1) -> 0
B83: =Lookup!C458 -> 5100 | C83: =Lookup!D458 -> Weaver St at Weaver St Park | D83: =Lookup!E458 -> C | Q83: =IF(H83="",0,1)+IF(L83="",0,1)+IF(P83="",0,1) -> 0
B84: =Lookup!C895 -> 5101 | C84: =Lookup!D895 -> E Club Blvd at Thorne St | D84: =Lookup!E895 -> C | Q84: =IF(H84="",0,1)+IF(L84="",0,1)+IF(P84="",0,1) -> 0
B85: =Lookup!C304 -> 5102 | C85: =Lookup!D304 -> Shirley St at Crest St | D85: =Lookup!E304 -> B | Q85: =IF(H85="",0,1)+IF(L85="",0,1)+IF(P85="",0,1) -> 0
B86: =Lookup!C29 -> 5105 | C86: =Lookup!D29 -> Duke Regional Hospital (NB) | D86: =Lookup!E29 -> A | Q86: =IF(H86="",0,1)+IF(L86="",0,1)+IF(P86="",0,1) -> 0
B87: =Lookup!C95 -> 5106 | C87: =Lookup!D95 -> Erwin Rd at Research Dr | D87: =Lookup!E95 -> A | Q87: =IF(H87="",0,1)+IF(L87="",0,1)+IF(P87="",0,1) -> 0
B88: =Lookup!C428 -> 5110 | C88: =Lookup!D428 -> Fayetteville Rd at Wortley Dr | D88: =Lookup!E428 -> C | Q88: =IF(H88="",0,1)+IF(L88="",0,1)+IF(P88="",0,1) -> 0
B89: =Lookup!C223 -> 5111 | C89: =Lookup!D223 -> Lawson St at Merrick St (Pearson Cafete | D89: =Lookup!E223 -> B | Q89: =IF(H89="",0,1)+IF(L89="",0,1)+IF(P89="",0,1) -> 0
B90: =Lookup!C598 -> 5112 | C90: =Lookup!D598 -> Angier Ave at Commonwealth St | D90: =Lookup!E598 -> C | Q90: =IF(H90="",0,1)+IF(L90="",0,1)+IF(P90="",0,1) -> 0
B91: =Lookup!C262 -> 5113 | C91: =Lookup!D262 -> Blackwell St at Forest Hills Apts (SB) | D91: =Lookup!E262 -> B | Q91: =IF(H91="",0,1)+IF(L91="",0,1)+IF(P91="",0,1) -> 0
B92: =Lookup!C352 -> 5115 | C92: =Lookup!D352 -> Alston Ave at Dayton St (SB) | D92: =Lookup!E352 -> B | Q92: =IF(H92="",0,1)+IF(L92="",0,1)+IF(P92="",0,1) -> 0
B93: =Lookup!C785 -> 5116 | C93: =Lookup!D785 -> Roxboro St at Duke St (Autozone) | D93: =Lookup!E785 -> C | Q93: =IF(H93="",0,1)+IF(L93="",0,1)+IF(P93="",0,1) -> 0
B94: =Lookup!C168 -> 5118 | C94: =Lookup!D168 -> Martin Luther King Jr Pkwy at Lake Camp | D94: =Lookup!E168 -> B | Q94: =IF(H94="",0,1)+IF(L94="",0,1)+IF(P94="",0,1) -> 0
B95: =Lookup!C208 -> 5119 | C95: =Lookup!D208 -> Roxboro Rd at Ellerbee St (NB) | D95: =Lookup!E208 -> B | Q95: =IF(H95="",0,1)+IF(L95="",0,1)+IF(P95="",0,1) -> 0
B96: =Lookup!C98 -> 5121 | C96: =Lookup!D98 -> University Dr at Weymouth St (Near) | D96: =Lookup!E98 -> A | Q96: =IF(H96="",0,1)+IF(L96="",0,1)+IF(P96="",0,1) -> 0
B97: =Lookup!C566 -> 5125 | C97: =Lookup!D566 -> Hillsborough Rd at W Knox St | D97: =Lookup!E566 -> C | Q97: =IF(H97="",0,1)+IF(L97="",0,1)+IF(P97="",0,1) -> 0
B98: =Lookup!C137 -> 5126 | C98: =Lookup!D137 -> Avondale Dr at E Knox St (SB) | D98: =Lookup!E137 -> A | Q98: =IF(H98="",0,1)+IF(L98="",0,1)+IF(P98="",0,1) -> 0
B99: =Lookup!C37 -> 5127 | C99: =Lookup!D37 -> Seven Oaks Rd at Riverview Shopping Center | D99: =Lookup!E37 -> A | Q99: =IF(H99="",0,1)+IF(L99="",0,1)+IF(P99="",0,1) -> 0
B100: =Lookup!C401 -> 5128 | C100: =Lookup!D401 -> Roxboro Rd at Monk Rd (SB) | D100: =Lookup!E401 -> C | Q100: =IF(H100="",0,1)+IF(L100="",0,1)+IF(P100="",0,1) -> 0
B101: =Lookup!C666 -> 5129 | C101: =Lookup!D666 -> NC 54 at The Hamptons Apts (WB) | D101: =Lookup!E666 -> C | Q101: =IF(H101="",0,1)+IF(L101="",0,1)+IF(P101="",0,1) -> 0
...

Sheet SEP 25
B1: BUS STOP MAINTENANCE TRACKER SEPTEMBER 2025
B3: Bus Stop ID | C3: Bus Stop Locations | D3: Type | E3: Requested Service | F3: Service Request Received on | G3: Work Order sent to Contractor on | H3: Work Executed on (Mandatory) | I3: Requested Service | J3: Service Request Received on | K3: Work Order sent to Contractor on | L3: Work Executed on (Mandatory) | M3: Requested Service | N3: Service Request Received on | O3: Work Order sent to Contractor on | P3: Work Executed on (Mandatory) | Q3: Total number of Executions per Bus Stop
B4: =Lookup!C443 -> 1072 | C4: =Lookup!D443 -> Old Chapel Hill Rd at Garrett Rd (EB) | D4: =Lookup!E443 -> C | Q4: =IF(H4="",0,1)+IF(L4="",0,1)+IF(P4="",0,1) -> 0
B5: =Lookup!C776 -> 1074 | C5: =Lookup!D776 -> University Dr at American Red Cross | D5: =Lookup!E776 -> C | Q5: =IF(H5="",0,1)+IF(L5="",0,1)+IF(P5="",0,1) -> 0
B6: =Lookup!C273 -> 1075 | C6: =Lookup!D273 -> University Dr at Ivy Creek Blvd | D6: =Lookup!E273 -> B | Q6: =IF(H6="",0,1)+IF(L6="",0,1)+IF(P6="",0,1) -> 0
B7: =Lookup!C435 -> 1160 | C7: =Lookup!D435 -> NC 54 at Blanchard Rd (EB) | D7: =Lookup!E435 -> C | Q7: =IF(H7="",0,1)+IF(L7="",0,1)+IF(P7="",0,1) -> 0
B8: =Lookup!C510 -> 1161 | C8: =Lookup!D510 -> NC 54 at Residence Inn Blvd (EB) | D8: =Lookup!E510 -> C | Q8: =IF(H8="",0,1)+IF(L8="",0,1)+IF(P8="",0,1) -> 0
B9: =Lookup!C588 -> 1171 | C9: =Lookup!D588 -> NC 54 at Blanchard Rd (WB) | D9: =Lookup!E588 -> C | Q9: =IF(H9="",0,1)+IF(L9="",0,1)+IF(P9="",0,1) -> 0
B10: =Lookup!C545 -> 1175 | C10: =Lookup!D545 -> NC 54 at Fayetteville Rd (Duke Health) | D10: =Lookup!E545 -> C | Q10: =IF(H10="",0,1)+IF(L10="",0,1)+IF(P10="",0,1) -> 0
B11: =Lookup!C735 -> 1221 | C11: =Lookup!D735 -> Slater Rd at Page Rd (Imperial Point) | D11: =Lookup!E735 -> C | Q11: =IF(H11="",0,1)+IF(L11="",0,1)+IF(P11="",0,1) -> 0
B12: =Lookup!C877 -> 1222 | C12: =Lookup!D877 -> Slater Rd at Emperor Blvd (Chelsea Place) | D12: =Lookup!E877 -> C | Q12: =IF(H12="",0,1)+IF(L12="",0,1)+IF(P12="",0,1) -> 0
B13: =Lookup!C6 -> 1406 | C13: =Lookup!D6 -> Renaissance Pkwy at Southpoint Mall | D13: =Lookup!E6 -> A | Q13: =IF(H13="",0,1)+IF(L13="",0,1)+IF(P13="",0,1) -> 0
B14: =Lookup!C660 -> 1499 | C14: =Lookup!D660 -> Slater Rd at Page Rd (Coastal Credit Union) | D14: =Lookup!E660 -> C | Q14: =IF(H14="",0,1)+IF(L14="",0,1)+IF(P14="",0,1) -> 0
B15: =Lookup!C336 -> 1553 | C15: =Lookup!D336 -> Erwin Rd at Towerview Rd | D15: =Lookup!E336 -> B | Q15: =IF(H15="",0,1)+IF(L15="",0,1)+IF(P15="",0,1) -> 0
B16: =Lookup!C817 -> 1556 | C16: =Lookup!D817 -> NC 54 at New Millennium Way (EB) | D16: =Lookup!E817 -> C | Q16: =IF(H16="",0,1)+IF(L16="",0,1)+IF(P16="",0,1) -> 0
B17: =Lookup!C749 -> 1557 | C17: =Lookup!D749 -> NC 54 at New Millennium Way (WB) | D17: =Lookup!E749 -> C | Q17: =IF(H17="",0,1)+IF(L17="",0,1)+IF(P17="",0,1) -> 0
B18: =Lookup!C274 -> 1558 | C18: =Lookup!D274 -> Slater Rd at Creekstone Dr (Duke Medicine) | D18: =Lookup!E274 -> B | Q18: =IF(H18="",0,1)+IF(L18="",0,1)+IF(P18="",0,1) -> 0
B19: =Lookup!C892 -> 1563 | C19: =Lookup!D892 -> Slater Rd at Emperor Blvd (Bright Horiz | D19: =Lookup!E892 -> C | Q19: =IF(H19="",0,1)+IF(L19="",0,1)+IF(P19="",0,1) -> 0
B20: =Lookup!C565 -> 1566 | C20: =Lookup!D565 -> Slater Rd at S Miami Blvd (Zaxbys) | D20: =Lookup!E565 -> C | Q20: =IF(H20="",0,1)+IF(L20="",0,1)+IF(P20="",0,1) -> 0
B21: =Lookup!C869 -> 1732 | C21: =Lookup!D869 -> Stirrup Creek at Twin Creek Ct | D21: =Lookup!E869 -> C | Q21: =IF(H21="",0,1)+IF(L21="",0,1)+IF(P21="",0,1) -> 0
B22: =Lookup!C876 -> 1776 | C22: =Lookup!D876 -> Slater Rd at GoTriangle Admin Office | D22: =Lookup!E876 -> C | Q22: =IF(H22="",0,1)+IF(L22="",0,1)+IF(P22="",0,1) -> 0
B23: =Lookup!C777 -> 1777 | C23: =Lookup!D777 -> Slater Rd at Sheraton Hotel | D23: =Lookup!E777 -> C | Q23: =IF(H23="",0,1)+IF(L23="",0,1)+IF(P23="",0,1) -> 0
B24: =Lookup!C500 -> 1781 | C24: =Lookup!D500 -> NC 54 at Revere Rd (EB) | D24: =Lookup!E500 -> C | Q24: =IF(H24="",0,1)+IF(L24="",0,1)+IF(P24="",0,1) -> 0
B25: =Lookup!C738 -> 1804 | C25: =Lookup!D738 -> Renaissance Pkwy at Leonardo Dr (WB) | D25: =Lookup!E738 -> C | Q25: =IF(H25="",0,1)+IF(L25="",0,1)+IF(P25="",0,1) -> 0
B26: =Lookup!C374 -> 1805 | C26: =Lookup!D374 -> NC 54 at Amhurst St | D26: =Lookup!E374 -> C | Q26: =IF(H26="",0,1)+IF(L26="",0,1)+IF(P26="",0,1) -> 0
B27: =Lookup!C893 -> 1860 | C27: =Lookup!D893 -> NC 54 at Park Dr (EB) | D27: =Lookup!E893 -> C | Q27: =IF(H27="",0,1)+IF(L27="",0,1)+IF(P27="",0,1) -> 0
B28: =Lookup!C888 -> 1861 | C28: =Lookup!D888 -> NC 54 at Park Dr (First Citizens Bank) | D28: =Lookup!E888 -> C | Q28: =IF(H28="",0,1)+IF(L28="",0,1)+IF(P28="",0,1) -> 0
B29: =Lookup!C879 -> 1863 | C29: =Lookup!D879 -> NC 54 at Park Office Dr (The Frontier) | D29: =Lookup!E879 -> C | Q29: =IF(H29="",0,1)+IF(L29="",0,1)+IF(P29="",0,1) -> 0
B30: =Lookup!C857 -> 1864 | C30: =Lookup!D857 -> NC 54 at Research Triangle High School | D30: =Lookup!E857 -> C | Q30: =IF(H30="",0,1)+IF(L30="",0,1)+IF(P30="",0,1) -> 0
B31: =Lookup!C740 -> 1865 | C31: =Lookup!D740 -> NC 54 at Triangle Dr (WB) | D31: =Lookup!E740 -> C | Q31: =IF(H31="",0,1)+IF(L31="",0,1)+IF(P31="",0,1) -> 0
B32: =Lookup!C353 -> 1866 | C32: =Lookup!D353 -> NC 54 at Triangle Dr (EB) | D32: =Lookup!E353 -> C | Q32: =IF(H32="",0,1)+IF(L32="",0,1)+IF(P32="",0,1) -> 0
B33: =Lookup!C202 -> 1892 | C33: =Lookup!D202 -> Fayetteville Rd at Renaissance Pkwy | D33: =Lookup!E202 -> B | Q33: =IF(H33="",0,1)+IF(L33="",0,1)+IF(P33="",0,1) -> 0
B34: =Lookup!C479 -> 1893 | C34: =Lookup!D479 -> NC 54 at The Hamptons Apts (EB) | D34: =Lookup!E479 -> C | Q34: =IF(H34="",0,1)+IF(L34="",0,1)+IF(P34="",0,1) -> 0
B35: =Lookup!C61 -> 1901 | C35: =Lookup!D61 -> McFarland Dr at Witherspoon Blvd (Patte | D35: =Lookup!E61 -> A | Q35: =IF(H35="",0,1)+IF(L35="",0,1)+IF(P35="",0,1) -> 0
B36: =Lookup!C595 -> 1914 | C36: =Lookup!D595 -> University Dr at University Pl (EB) | D36: =Lookup!E595 -> C | Q36: =IF(H36="",0,1)+IF(L36="",0,1)+IF(P36="",0,1) -> 0
B37: =Lookup!C611 -> 5002 | C37: =Lookup!D611 -> Riddle Rd at Ancroft Ave (NB) | D37: =Lookup!E611 -> C | Q37: =IF(H37="",0,1)+IF(L37="",0,1)+IF(P37="",0,1) -> 0
B38: =Lookup!C201 -> 5004 | C38: =Lookup!D201 -> Alston Ave at Main St | D38: =Lookup!E201 -> B | Q38: =IF(H38="",0,1)+IF(L38="",0,1)+IF(P38="",0,1) -> 0
B39: =Lookup!C838 -> 5005 | C39: =Lookup!D838 -> Cornwallis Rd at Industry Ln | D39: =Lookup!E838 -> C | Q39: =IF(H39="",0,1)+IF(L39="",0,1)+IF(P39="",0,1) -> 0
B40: =Lookup!C889 -> 5006 | C40: =Lookup!D889 -> Alston Ave at Durham Freeway (NB) | D40: =Lookup!E889 -> C | Q40: =IF(H40="",0,1)+IF(L40="",0,1)+IF(P40="",0,1) -> 0
B41: =Lookup!C240 -> 5008 | C41: =Lookup!D240 -> S Alston Ave at Massey Ave (NB) | D41: =Lookup!E240 -> B | Q41: =IF(H41="",0,1)+IF(L41="",0,1)+IF(P41="",0,1) -> 0
B42: =Lookup!C466 -> 5017 | C42: =Lookup!D466 -> Chapel Hill Rd at McGehee St (NB) | D42: =Lookup!E466 -> C | Q42: =IF(H42="",0,1)+IF(L42="",0,1)+IF(P42="",0,1) -> 0
B43: =Lookup!C821 -> 5018 | C43: =Lookup!D821 -> Morehead Ave at Vickers Ave (WB) | D43: =Lookup!E821 -> C | Q43: =IF(H43="",0,1)+IF(L43="",0,1)+IF(P43="",0,1) -> 0
B44: =Lookup!C191 -> 5019 | C44: =Lookup!D191 -> Club Blvd at Chandlers Garage | D44: =Lookup!E191 -> B | Q44: =IF(H44="",0,1)+IF(L44="",0,1)+IF(P44="",0,1) -> 0
B45: =Lookup!C478 -> 5020 | C45: =Lookup!D478 -> Fayetteville Rd at Laurel Springs Dr | D45: =Lookup!E478 -> C | Q45: =IF(H45="",0,1)+IF(L45="",0,1)+IF(P45="",0,1) -> 0
B46: =Lookup!C482 -> 5021 | C46: =Lookup!D482 -> Chapel Hill Rd at W Cornwallis Rd (SB1) | D46: =Lookup!E482 -> C | Q46: =IF(H46="",0,1)+IF(L46="",0,1)+IF(P46="",0,1) -> 0
B47: =Lookup!C646 -> 5022 | C47: =Lookup!D646 -> N Alston Ave at Drew St (SB) | D47: =Lookup!E646 -> C | Q47: =IF(H47="",0,1)+IF(L47="",0,1)+IF(P47="",0,1) -> 0
B48: =Lookup!C669 -> 5023 | C48: =Lookup!D669 -> Avondale Dr at E Markham Ave (SB) | D48: =Lookup!E669 -> C | Q48: =IF(H48="",0,1)+IF(L48="",0,1)+IF(P48="",0,1) -> 0
B49: =Lookup!C739 -> 5027 | C49: =Lookup!D739 -> Club Blvd at Gregson St | D49: =Lookup!E739 -> C | Q49: =IF(H49="",0,1)+IF(L49="",0,1)+IF(P49="",0,1) -> 0
B50: =Lookup!C408 -> 5030 | C50: =Lookup!D408 -> Duke St at Main St | D50: =Lookup!E408 -> C | Q50: =IF(H50="",0,1)+IF(L50="",0,1)+IF(P50="",0,1) -> 0
B51: =Lookup!C529 -> 5031 | C51: =Lookup!D529 -> Carver St at Guess Rd | D51: =Lookup!E529 -> C | Q51: =IF(H51="",0,1)+IF(L51="",0,1)+IF(P51="",0,1) -> 0
B52: =Lookup!C894 -> 5032 | C52: =Lookup!D894 -> Roxboro Rd at Hammond St | D52: =Lookup!E894 -> C | Q52: =IF(H52="",0,1)+IF(L52="",0,1)+IF(P52="",0,1) -> 0
B53: =Lookup!C131 -> 5033 | C53: =Lookup!D131 -> Roxboro Rd at Bush Dr | D53: =Lookup!E131 -> A | Q53: =IF(H53="",0,1)+IF(L53="",0,1)+IF(P53="",0,1) -> 0
B54: =Lookup!C762 -> 5035 | C54: =Lookup!D762 -> Angier Ave at Pleasant Dr | D54: =Lookup!E762 -> C | Q54: =IF(H54="",0,1)+IF(L54="",0,1)+IF(P54="",0,1) -> 0
B55: =Lookup!C856 -> 5038 | C55: =Lookup!D856 -> Liberty St at Queen St | D55: =Lookup!E856 -> C | Q55: =IF(H55="",0,1)+IF(L55="",0,1)+IF(P55="",0,1) -> 0
B56: =Lookup!C136 -> 5039 | C56: =Lookup!D136 -> Fayetteville St at Piedmont Ave (SB) | D56: =Lookup!E136 -> A | Q56: =IF(H56="",0,1)+IF(L56="",0,1)+IF(P56="",0,1) -> 0
B57: =Lookup!C205 -> 5042 | C57: =Lookup!D205 -> University Dr at Weymouth St (WB) | D57: =Lookup!E205 -> B | Q57: =IF(H57="",0,1)+IF(L57="",0,1)+IF(P57="",0,1) -> 0
B58: =Lookup!C335 -> 5043 | C58: =Lookup!D335 -> Holloway St at Adams St (EB) | D58: =Lookup!E335 -> B | Q58: =IF(H58="",0,1)+IF(L58="",0,1)+IF(P58="",0,1) -> 0
B59: =Lookup!C397 -> 5044 | C59: =Lookup!D397 -> Duke St at Harper Pl | D59: =Lookup!E397 -> C | Q59: =IF(H59="",0,1)+IF(L59="",0,1)+IF(P59="",0,1) -> 0
B60: =Lookup!C668 -> 5045 | C60: =Lookup!D668 -> Roxboro Rd at Edgewood Dr | D60: =Lookup!E668 -> C | Q60: =IF(H60="",0,1)+IF(L60="",0,1)+IF(P60="",0,1) -> 0
B61: =Lookup!C755 -> 5047 | C61: =Lookup!D755 -> Roxboro Rd at Markham Ave (south) | D61: =Lookup!E755 -> C | Q61: =IF(H61="",0,1)+IF(L61="",0,1)+IF(P61="",0,1) -> 0
B62: =Lookup!C833 -> 5048 | C62: =Lookup!D833 -> Chapel Hill Rd at Pinecrest Rd | D62: =Lookup!E833 -> C | Q62: =IF(H62="",0,1)+IF(L62="",0,1)+IF(P62="",0,1) -> 0
B63: =Lookup!C602 -> 5054 | C63: =Lookup!D602 -> University Dr at Larchmont Dr | D63: =Lookup!E602 -> C | Q63: =IF(H63="",0,1)+IF(L63="",0,1)+IF(P63="",0,1) -> 0
B64: =Lookup!C782 -> 5055 | C64: =Lookup!D782 -> Gregson St at Englewood Ave | D64: =Lookup!E782 -> C | Q64: =IF(H64="",0,1)+IF(L64="",0,1)+IF(P64="",0,1) -> 0
B65: =Lookup!C629 -> 5056 | C65: =Lookup!D629 -> Lawson St at Sima Ave (EB) | D65: =Lookup!E629 -> C | Q65: =IF(H65="",0,1)+IF(L65="",0,1)+IF(P65="",0,1) -> 0
B66: =Lookup!C719 -> 5057 | C66: =Lookup!D719 -> Angier Ave at Driver St (EB) | D66: =Lookup!E719 -> C | Q66: =IF(H66="",0,1)+IF(L66="",0,1)+IF(P66="",0,1) -> 0
B67: =Lookup!C537 -> 5060 | C67: =Lookup!D537 -> Dearborn Dr at Ruth St | D67: =Lookup!E537 -> C | Q67: =IF(H67="",0,1)+IF(L67="",0,1)+IF(P67="",0,1) -> 0
B68: =Lookup!C171 -> 5063 | C68: =Lookup!D171 -> NC 54 at Residence Inn Blvd (WB) | D68: =Lookup!E171 -> B | Q68: =IF(H68="",0,1)+IF(L68="",0,1)+IF(P68="",0,1) -> 0
B69: =Lookup!C568 -> 5064 | C69: =Lookup!D568 -> Otis St at Red Oak Ave | D69: =Lookup!E568 -> C | Q69: =IF(H69="",0,1)+IF(L69="",0,1)+IF(P69="",0,1) -> 0
B70: =Lookup!C385 -> 5067 | C70: =Lookup!D385 -> Mangum St at Geer St | D70: =Lookup!E385 -> C | Q70: =IF(H70="",0,1)+IF(L70="",0,1)+IF(P70="",0,1) -> 0
B71: =Lookup!C382 -> 5075 | C71: =Lookup!D382 -> Milton Rd at Eno Valley Elementary (SB) | D71: =Lookup!E382 -> C | Q71: =IF(H71="",0,1)+IF(L71="",0,1)+IF(P71="",0,1) -> 0
B72: =Lookup!C329 -> 5078 | C72: =Lookup!D329 -> Trent Dr at Duke Hospital South (WB) | D72: =Lookup!E329 -> B | Q72: =IF(H72="",0,1)+IF(L72="",0,1)+IF(P72="",0,1) -> 0
B73: =Lookup!C86 -> 5080 | C73: =Lookup!D86 -> Fayetteville St at Homeland Ave (NB) | D73: =Lookup!E86 -> A | Q73: =IF(H73="",0,1)+IF(L73="",0,1)+IF(P73="",0,1) -> 0
B74: =Lookup!C845 -> 5081 | C74: =Lookup!D845 -> Trent Dr at Duke Circle Parking Deck | D74: =Lookup!E845 -> C | Q74: =IF(H74="",0,1)+IF(L74="",0,1)+IF(P74="",0,1) -> 0
B75: =Lookup!C212 -> 5084 | C75: =Lookup!D212 -> Old Farm Rd at Roxboro St (JFK Towers) | D75: =Lookup!E212 -> B | Q75: =IF(H75="",0,1)+IF(L75="",0,1)+IF(P75="",0,1) -> 0
B76: =Lookup!C430 -> 5088 | C76: =Lookup!D430 -> S Alston Ave at Massey Ave (SB) | D76: =Lookup!E430 -> C | Q76: =IF(H76="",0,1)+IF(L76="",0,1)+IF(P76="",0,1) -> 0
B77: =Lookup!C873 -> 5089 | C77: =Lookup!D873 -> Duke St at Englewood Ave | D77: =Lookup!E873 -> C | Q77: =IF(H77="",0,1)+IF(L77="",0,1)+IF(P77="",0,1) -> 0
B78: =Lookup!C309 -> 5091 | C78: =Lookup!D309 -> E Club Blvd at Glenbrook Dr (SB) | D78: =Lookup!E309 -> B | Q78: =IF(H78="",0,1)+IF(L78="",0,1)+IF(P78="",0,1) -> 0
B79: =Lookup!C497 -> 5093 | C79: =Lookup!D497 -> University Dr at South Square Mall | D79: =Lookup!E497 -> C | Q79: =IF(H79="",0,1)+IF(L79="",0,1)+IF(P79="",0,1) -> 0
B80: =Lookup!C709 -> 5094 | C80: =Lookup!D709 -> Lakewood Ave at Blackwell St | D80: =Lookup!E709 -> C | Q80: =IF(H80="",0,1)+IF(L80="",0,1)+IF(P80="",0,1) -> 0
B81: =Lookup!C386 -> 5097 | C81: =Lookup!D386 -> Roxboro Rd at Murray Ave | D81: =Lookup!E386 -> C | Q81: =IF(H81="",0,1)+IF(L81="",0,1)+IF(P81="",0,1) -> 0
B82: =Lookup!C461 -> 5099 | C82: =Lookup!D461 -> Carver St at Patrick Henry Dr (EB) | D82: =Lookup!E461 -> C | Q82: =IF(H82="",0,1)+IF(L82="",0,1)+IF(P82="",0,1) -> 0
B83: =Lookup!C458 -> 5100 | C83: =Lookup!D458 -> Weaver St at Weaver St Park | D83: =Lookup!E458 -> C | Q83: =IF(H83="",0,1)+IF(L83="",0,1)+IF(P83="",0,1) -> 0
B84: =Lookup!C895 -> 5101 | C84: =Lookup!D895 -> E Club Blvd at Thorne St | D84: =Lookup!E895 -> C | Q84: =IF(H84="",0,1)+IF(L84="",0,1)+IF(P84="",0,1) -> 0
B85: =Lookup!C304 -> 5102 | C85: =Lookup!D304 -> Shirley St at Crest St | D85: =Lookup!E304 -> B | Q85: =IF(H85="",0,1)+IF(L85="",0,1)+IF(P85="",0,1) -> 0
B86: =Lookup!C29 -> 5105 | C86: =Lookup!D29 -> Duke Regional Hospital (NB) | D86: =Lookup!E29 -> A | Q86: =IF(H86="",0,1)+IF(L86="",0,1)+IF(P86="",0,1) -> 0
B87: =Lookup!C95 -> 5106 | C87: =Lookup!D95 -> Erwin Rd at Research Dr | D87: =Lookup!E95 -> A | Q87: =IF(H87="",0,1)+IF(L87="",0,1)+IF(P87="",0,1) -> 0
B88: =Lookup!C428 -> 5110 | C88: =Lookup!D428 -> Fayetteville Rd at Wortley Dr | D88: =Lookup!E428 -> C | Q88: =IF(H88="",0,1)+IF(L88="",0,1)+IF(P88="",0,1) -> 0
B89: =Lookup!C223 -> 5111 | C89: =Lookup!D223 -> Lawson St at Merrick St (Pearson Cafete | D89: =Lookup!E223 -> B | Q89: =IF(H89="",0,1)+IF(L89="",0,1)+IF(P89="",0,1) -> 0
B90: =Lookup!C598 -> 5112 | C90: =Lookup!D598 -> Angier Ave at Commonwealth St | D90: =Lookup!E598 -> C | Q90: =IF(H90="",0,1)+IF(L90="",0,1)+IF(P90="",0,1) -> 0
B91: =Lookup!C262 -> 5113 | C91: =Lookup!D262 -> Blackwell St at Forest Hills Apts (SB) | D91: =Lookup!E262 -> B | Q91: =IF(H91="",0,1)+IF(L91="",0,1)+IF(P91="",0,1) -> 0
B92: =Lookup!C352 -> 5115 | C92: =Lookup!D352 -> Alston Ave at Dayton St (SB) | D92: =Lookup!E352 -> B | Q92: =IF(H92="",0,1)+IF(L92="",0,1)+IF(P92="",0,1) -> 0
B93: =Lookup!C785 -> 5116 | C93: =Lookup!D785 -> Roxboro St at Duke St (Autozone) | D93: =Lookup!E785 -> C | Q93: =IF(H93="",0,1)+IF(L93="",0,1)+IF(P93="",0,1) -> 0
B94: =Lookup!C168 -> 5118 | C94: =Lookup!D168 -> Martin Luther King Jr Pkwy at Lake Camp | D94: =Lookup!E168 -> B | Q94: =IF(H94="",0,1)+IF(L94="",0,1)+IF(P94="",0,1) -> 0
B95: =Lookup!C208 -> 5119 | C95: =Lookup!D208 -> Roxboro Rd at Ellerbee St (NB) | D95: =Lookup!E208 -> B | Q95: =IF(H95="",0,1)+IF(L95="",0,1)+IF(P95="",0,1) -> 0
B96: =Lookup!C98 -> 5121 | C96: =Lookup!D98 -> University Dr at Weymouth St (Near) | D96: =Lookup!E98 -> A | Q96: =IF(H96="",0,1)+IF(L96="",0,1)+IF(P96="",0,1) -> 0
B97: =Lookup!C566 -> 5125 | C97: =Lookup!D566 -> Hillsborough Rd at W Knox St | D97: =Lookup!E566 -> C | Q97: =IF(H97="",0,1)+IF(L97="",0,1)+IF(P97="",0,1) -> 0
B98: =Lookup!C137 -> 5126 | C98: =Lookup!D137 -> Avondale Dr at E Knox St (SB) | D98: =Lookup!E137 -> A | Q98: =IF(H98="",0,1)+IF(L98="",0,1)+IF(P98="",0,1) -> 0
B99: =Lookup!C37 -> 5127 | C99: =Lookup!D37 -> Seven Oaks Rd at Riverview Shopping Center | D99: =Lookup!E37 -> A | Q99: =IF(H99="",0,1)+IF(L99="",0,1)+IF(P99="",0,1) -> 0
B100: =Lookup!C401 -> 5128 | C100: =Lookup!D401 -> Roxboro Rd at Monk Rd (SB) | D100: =Lookup!E401 -> C | Q100: =IF(H100="",0,1)+IF(L100="",0,1)+IF(P100="",0,1) -> 0
B101: =Lookup!C666 -> 5129 | C101: =Lookup!D666 -> NC 54 at The Hamptons Apts (WB) | D101: =Lookup!E666 -> C | Q101: =IF(H101="",0,1)+IF(L101="",0,1)+IF(P101="",0,1) -> 0
...

Sheet OCT 25
B1: BUS STOP MAINTENANCE TRACKER OCTOBER 2025
B3: Bus Stop ID | C3: Bus Stop Locations | D3: Type | E3: Requested Service | F3: Service Request Received on | G3: Work Order sent to Contractor on | H3: Work Executed on (Mandatory) | I3: Requested Service | J3: Service Request Received on | K3: Work Order sent to Contractor on | L3: Work Executed on (Mandatory) | M3: Requested Service | N3: Service Request Received on | O3: Work Order sent to Contractor on | P3: Work Executed on (Mandatory) | Q3: Total number of Executions per Bus Stop
B4: =Lookup!C443 -> 1072 | C4: =Lookup!D443 -> Old Chapel Hill Rd at Garrett Rd (EB) | D4: =Lookup!E443 -> C | Q4: =IF(H4="",0,1)+IF(L4="",0,1)+IF(P4="",0,1) -> 0
B5: =Lookup!C776 -> 1074 | C5: =Lookup!D776 -> University Dr at American Red Cross | D5: =Lookup!E776 -> C | Q5: =IF(H5="",0,1)+IF(L5="",0,1)+IF(P5="",0,1) -> 0
B6: =Lookup!C273 -> 1075 | C6: =Lookup!D273 -> University Dr at Ivy Creek Blvd | D6: =Lookup!E273 -> B | Q6: =IF(H6="",0,1)+IF(L6="",0,1)+IF(P6="",0,1) -> 0
B7: =Lookup!C435 -> 1160 | C7: =Lookup!D435 -> NC 54 at Blanchard Rd (EB) | D7: =Lookup!E435 -> C | Q7: =IF(H7="",0,1)+IF(L7="",0,1)+IF(P7="",0,1) -> 0
B8: =Lookup!C510 -> 1161 | C8: =Lookup!D510 -> NC 54 at Residence Inn Blvd (EB) | D8: =Lookup!E510 -> C | Q8: =IF(H8="",0,1)+IF(L8="",0,1)+IF(P8="",0,1) -> 0
B9: =Lookup!C588 -> 1171 | C9: =Lookup!D588 -> NC 54 at Blanchard Rd (WB) | D9: =Lookup!E588 -> C | Q9: =IF(H9="",0,1)+IF(L9="",0,1)+IF(P9="",0,1) -> 0
B10: =Lookup!C545 -> 1175 | C10: =Lookup!D545 -> NC 54 at Fayetteville Rd (Duke Health) | D10: =Lookup!E545 -> C | Q10: =IF(H10="",0,1)+IF(L10="",0,1)+IF(P10="",0,1) -> 0
B11: =Lookup!C735 -> 1221 | C11: =Lookup!D735 -> Slater Rd at Page Rd (Imperial Point) | D11: =Lookup!E735 -> C | Q11: =IF(H11="",0,1)+IF(L11="",0,1)+IF(P11="",0,1) -> 0
B12: =Lookup!C877 -> 1222 | C12: =Lookup!D877 -> Slater Rd at Emperor Blvd (Chelsea Place) | D12: =Lookup!E877 -> C | Q12: =IF(H12="",0,1)+IF(L12="",0,1)+IF(P12="",0,1) -> 0
B13: =Lookup!C6 -> 1406 | C13: =Lookup!D6 -> Renaissance Pkwy at Southpoint Mall | D13: =Lookup!E6 -> A | Q13: =IF(H13="",0,1)+IF(L13="",0,1)+IF(P13="",0,1) -> 0
B14: =Lookup!C660 -> 1499 | C14: =Lookup!D660 -> Slater Rd at Page Rd (Coastal Credit Union) | D14: =Lookup!E660 -> C | Q14: =IF(H14="",0,1)+IF(L14="",0,1)+IF(P14="",0,1) -> 0
B15: =Lookup!C336 -> 1553 | C15: =Lookup!D336 -> Erwin Rd at Towerview Rd | D15: =Lookup!E336 -> B | Q15: =IF(H15="",0,1)+IF(L15="",0,1)+IF(P15="",0,1) -> 0
B16: =Lookup!C817 -> 1556 | C16: =Lookup!D817 -> NC 54 at New Millennium Way (EB) | D16: =Lookup!E817 -> C | Q16: =IF(H16="",0,1)+IF(L16="",0,1)+IF(P16="",0,1) -> 0
B17: =Lookup!C749 -> 1557 | C17: =Lookup!D749 -> NC 54 at New Millennium Way (WB) | D17: =Lookup!E749 -> C | Q17: =IF(H17="",0,1)+IF(L17="",0,1)+IF(P17="",0,1) -> 0
B18: =Lookup!C274 -> 1558 | C18: =Lookup!D274 -> Slater Rd at Creekstone Dr (Duke Medicine) | D18: =Lookup!E274 -> B | Q18: =IF(H18="",0,1)+IF(L18="",0,1)+IF(P18="",0,1) -> 0
B19: =Lookup!C892 -> 1563 | C19: =Lookup!D892 -> Slater Rd at Emperor Blvd (Bright Horiz | D19: =Lookup!E892 -> C | Q19: =IF(H19="",0,1)+IF(L19="",0,1)+IF(P19="",0,1) -> 0
B20: =Lookup!C565 -> 1566 | C20: =Lookup!D565 -> Slater Rd at S Miami Blvd (Zaxbys) | D20: =Lookup!E565 -> C | Q20: =IF(H20="",0,1)+IF(L20="",0,1)+IF(P20="",0,1) -> 0
B21: =Lookup!C869 -> 1732 | C21: =Lookup!D869 -> Stirrup Creek at Twin Creek Ct | D21: =Lookup!E869 -> C | Q21: =IF(H21="",0,1)+IF(L21="",0,1)+IF(P21="",0,1) -> 0
B22: =Lookup!C876 -> 1776 | C22: =Lookup!D876 -> Slater Rd at GoTriangle Admin Office | D22: =Lookup!E876 -> C | Q22: =IF(H22="",0,1)+IF(L22="",0,1)+IF(P22="",0,1) -> 0
B23: =Lookup!C777 -> 1777 | C23: =Lookup!D777 -> Slater Rd at Sheraton Hotel | D23: =Lookup!E777 -> C | Q23: =IF(H23="",0,1)+IF(L23="",0,1)+IF(P23="",0,1) -> 0
B24: =Lookup!C500 -> 1781 | C24: =Lookup!D500 -> NC 54 at Revere Rd (EB) | D24: =Lookup!E500 -> C | Q24: =IF(H24="",0,1)+IF(L24="",0,1)+IF(P24="",0,1) -> 0
B25: =Lookup!C738 -> 1804 | C25: =Lookup!D738 -> Renaissance Pkwy at Leonardo Dr (WB) | D25: =Lookup!E738 -> C | Q25: =IF(H25="",0,1)+IF(L25="",0,1)+IF(P25="",0,1) -> 0
B26: =Lookup!C374 -> 1805 | C26: =Lookup!D374 -> NC 54 at Amhurst St | D26: =Lookup!E374 -> C | Q26: =IF(H26="",0,1)+IF(L26="",0,1)+IF(P26="",0,1) -> 0
B27: =Lookup!C893 -> 1860 | C27: =Lookup!D893 -> NC 54 at Park Dr (EB) | D27: =Lookup!E893 -> C | Q27: =IF(H27="",0,1)+IF(L27="",0,1)+IF(P27="",0,1) -> 0
B28: =Lookup!C888 -> 1861 | C28: =Lookup!D888 -> NC 54 at Park Dr (First Citizens Bank) | D28: =Lookup!E888 -> C | Q28: =IF(H28="",0,1)+IF(L28="",0,1)+IF(P28="",0,1) -> 0
B29: =Lookup!C879 -> 1863 | C29: =Lookup!D879 -> NC 54 at Park Office Dr (The Frontier) | D29: =Lookup!E879 -> C | Q29: =IF(H29="",0,1)+IF(L29="",0,1)+IF(P29="",0,1) -> 0
B30: =Lookup!C857 -> 1864 | C30: =Lookup!D857 -> NC 54 at Research Triangle High School | D30: =Lookup!E857 -> C | Q30: =IF(H30="",0,1)+IF(L30="",0,1)+IF(P30="",0,1) -> 0
B31: =Lookup!C740 -> 1865 | C31: =Lookup!D740 -> NC 54 at Triangle Dr (WB) | D31: =Lookup!E740 -> C | Q31: =IF(H31="",0,1)+IF(L31="",0,1)+IF(P31="",0,1) -> 0
B32: =Lookup!C353 -> 1866 | C32: =Lookup!D353 -> NC 54 at Triangle Dr (EB) | D32: =Lookup!E353 -> C | Q32: =IF(H32="",0,1)+IF(L32="",0,1)+IF(P32="",0,1) -> 0
B33: =Lookup!C202 -> 1892 | C33: =Lookup!D202 -> Fayetteville Rd at Renaissance Pkwy | D33: =Lookup!E202 -> B | Q33: =IF(H33="",0,1)+IF(L33="",0,1)+IF(P33="",0,1) -> 0
B34: =Lookup!C479 -> 1893 | C34: =Lookup!D479 -> NC 54 at The Hamptons Apts (EB) | D34: =Lookup!E479 -> C | Q34: =IF(H34="",0,1)+IF(L34="",0,1)+IF(P34="",0,1) -> 0
B35: =Lookup!C61 -> 1901 | C35: =Lookup!D61 -> McFarland Dr at Witherspoon Blvd (Patte | D35: =Lookup!E61 -> A | Q35: =IF(H35="",0,1)+IF(L35="",0,1)+IF(P35="",0,1) -> 0
B36: =Lookup!C595 -> 1914 | C36: =Lookup!D595 -> University Dr at University Pl (EB) | D36: =Lookup!E595 -> C | Q36: =IF(H36="",0,1)+IF(L36="",0,1)+IF(P36="",0,1) -> 0
B37: =Lookup!C611 -> 5002 | C37: =Lookup!D611 -> Riddle Rd at Ancroft Ave (NB) | D37: =Lookup!E611 -> C | Q37: =IF(H37="",0,1)+IF(L37="",0,1)+IF(P37="",0,1) -> 0
B38: =Lookup!C201 -> 5004 | C38: =Lookup!D201 -> Alston Ave at Main St | D38: =Lookup!E201 -> B | Q38: =IF(H38="",0,1)+IF(L38="",0,1)+IF(P38="",0,1) -> 0
B39: =Lookup!C838 -> 5005 | C39: =Lookup!D838 -> Cornwallis Rd at Industry Ln | D39: =Lookup!E838 -> C | Q39: =IF(H39="",0,1)+IF(L39="",0,1)+IF(P39="",0,1) -> 0
B40: =Lookup!C889 -> 5006 | C40: =Lookup!D889 -> Alston Ave at Durham Freeway (NB) | D40: =Lookup!E889 -> C | Q40: =IF(H40="",0,1)+IF(L40="",0,1)+IF(P40="",0,1) -> 0
B41: =Lookup!C240 -> 5008 | C41: =Lookup!D240 -> S Alston Ave at Massey Ave (NB) | D41: =Lookup!E240 -> B | Q41: =IF(H41="",0,1)+IF(L41="",0,1)+IF(P41="",0,1) -> 0
B42: =Lookup!C466 -> 5017 | C42: =Lookup!D466 -> Chapel Hill Rd at McGehee St (NB) | D42: =Lookup!E466 -> C | Q42: =IF(H42="",0,1)+IF(L42="",0,1)+IF(P42="",0,1) -> 0
B43: =Lookup!C821 -> 5018 | C43: =Lookup!D821 -> Morehead Ave at Vickers Ave (WB) | D43: =Lookup!E821 -> C | Q43: =IF(H43="",0,1)+IF(L43="",0,1)+IF(P43="",0,1) -> 0
B44: =Lookup!C191 -> 5019 | C44: =Lookup!D191 -> Club Blvd at Chandlers Garage | D44: =Lookup!E191 -> B | Q44: =IF(H44="",0,1)+IF(L44="",0,1)+IF(P44="",0,1) -> 0
B45: =Lookup!C478 -> 5020 | C45: =Lookup!D478 -> Fayetteville Rd at Laurel Springs Dr | D45: =Lookup!E478 -> C | Q45: =IF(H45="",0,1)+IF(L45="",0,1)+IF(P45="",0,1) -> 0
B46: =Lookup!C482 -> 5021 | C46: =Lookup!D482 -> Chapel Hill Rd at W Cornwallis Rd (SB1) | D46: =Lookup!E482 -> C | Q46: =IF(H46="",0,1)+IF(L46="",0,1)+IF(P46="",0,1) -> 0
B47: =Lookup!C646 -> 5022 | C47: =Lookup!D646 -> N Alston Ave at Drew St (SB) | D47: =Lookup!E646 -> C | Q47: =IF(H47="",0,1)+IF(L47="",0,1)+IF(P47="",0,1) -> 0
B48: =Lookup!C669 -> 5023 | C48: =Lookup!D669 -> Avondale Dr at E Markham Ave (SB) | D48: =Lookup!E669 -> C | Q48: =IF(H48="",0,1)+IF(L48="",0,1)+IF(P48="",0,1) -> 0
B49: =Lookup!C739 -> 5027 | C49: =Lookup!D739 -> Club Blvd at Gregson St | D49: =Lookup!E739 -> C | Q49: =IF(H49="",0,1)+IF(L49="",0,1)+IF(P49="",0,1) -> 0
B50: =Lookup!C408 -> 5030 | C50: =Lookup!D408 -> Duke St at Main St | D50: =Lookup!E408 -> C | Q50: =IF(H50="",0,1)+IF(L50="",0,1)+IF(P50="",0,1) -> 0
B51: =Lookup!C529 -> 5031 | C51: =Lookup!D529 -> Carver St at Guess Rd | D51: =Lookup!E529 -> C | Q51: =IF(H51="",0,1)+IF(L51="",0,1)+IF(P51="",0,1) -> 0
B52: =Lookup!C894 -> 5032 | C52: =Lookup!D894 -> Roxboro Rd at Hammond St | D52: =Lookup!E894 -> C | Q52: =IF(H52="",0,1)+IF(L52="",0,1)+IF(P52="",0,1) -> 0
B53: =Lookup!C131 -> 5033 | C53: =Lookup!D131 -> Roxboro Rd at Bush Dr | D53: =Lookup!E131 -> A | Q53: =IF(H53="",0,1)+IF(L53="",0,1)+IF(P53="",0,1) -> 0
B54: =Lookup!C762 -> 5035 | C54: =Lookup!D762 -> Angier Ave at Pleasant Dr | D54: =Lookup!E762 -> C | Q54: =IF(H54="",0,1)+IF(L54="",0,1)+IF(P54="",0,1) -> 0
B55: =Lookup!C856 -> 5038 | C55: =Lookup!D856 -> Liberty St at Queen St | D55: =Lookup!E856 -> C | Q55: =IF(H55="",0,1)+IF(L55="",0,1)+IF(P55="",0,1) -> 0
B56: =Lookup!C136 -> 5039 | C56: =Lookup!D136 -> Fayetteville St at Piedmont Ave (SB) | D56: =Lookup!E136 -> A | Q56: =IF(H56="",0,1)+IF(L56="",0,1)+IF(P56="",0,1) -> 0
B57: =Lookup!C205 -> 5042 | C57: =Lookup!D205 -> University Dr at Weymouth St (WB) | D57: =Lookup!E205 -> B | Q57: =IF(H57="",0,1)+IF(L57="",0,1)+IF(P57="",0,1) -> 0
B58: =Lookup!C335 -> 5043 | C58: =Lookup!D335 -> Holloway St at Adams St (EB) | D58: =Lookup!E335 -> B | Q58: =IF(H58="",0,1)+IF(L58="",0,1)+IF(P58="",0,1) -> 0
B59: =Lookup!C397 -> 5044 | C59: =Lookup!D397 -> Duke St at Harper Pl | D59: =Lookup!E397 -> C | Q59: =IF(H59="",0,1)+IF(L59="",0,1)+IF(P59="",0,1) -> 0
B60: =Lookup!C668 -> 5045 | C60: =Lookup!D668 -> Roxboro Rd at Edgewood Dr | D60: =Lookup!E668 -> C | Q60: =IF(H60="",0,1)+IF(L60="",0,1)+IF(P60="",0,1) -> 0
B61: =Lookup!C755 -> 5047 | C61: =Lookup!D755 -> Roxboro Rd at Markham Ave (south) | D61: =Lookup!E755 -> C | Q61: =IF(H61="",0,1)+IF(L61="",0,1)+IF(P61="",0,1) -> 0
B62: =Lookup!C833 -> 5048 | C62: =Lookup!D833 -> Chapel Hill Rd at Pinecrest Rd | D62: =Lookup!E833 -> C | Q62: =IF(H62="",0,1)+IF(L62="",0,1)+IF(P62="",0,1) -> 0
B63: =Lookup!C602 -> 5054 | C63: =Lookup!D602 -> University Dr at Larchmont Dr | D63: =Lookup!E602 -> C | Q63: =IF(H63="",0,1)+IF(L63="",0,1)+IF(P63="",0,1) -> 0
B64: =Lookup!C782 -> 5055 | C64: =Lookup!D782 -> Gregson St at Englewood Ave | D64: =Lookup!E782 -> C | Q64: =IF(H64="",0,1)+IF(L64="",0,1)+IF(P64="",0,1) -> 0
B65: =Lookup!C629 -> 5056 | C65: =Lookup!D629 -> Lawson St at Sima Ave (EB) | D65: =Lookup!E629 -> C | Q65: =IF(H65="",0,1)+IF(L65="",0,1)+IF(P65="",0,1) -> 0
B66: =Lookup!C719 -> 5057 | C66: =Lookup!D719 -> Angier Ave at Driver St (EB) | D66: =Lookup!E719 -> C | Q66: =IF(H66="",0,1)+IF(L66="",0,1)+IF(P66="",0,1) -> 0
B67: =Lookup!C537 -> 5060 | C67: =Lookup!D537 -> Dearborn Dr at Ruth St | D67: =Lookup!E537 -> C | Q67: =IF(H67="",0,1)+IF(L67="",0,1)+IF(P67="",0,1) -> 0
B68: =Lookup!C171 -> 5063 | C68: =Lookup!D171 -> NC 54 at Residence Inn Blvd (WB) | D68: =Lookup!E171 -> B | Q68: =IF(H68="",0,1)+IF(L68="",0,1)+IF(P68="",0,1) -> 0
B69: =Lookup!C568 -> 5064 | C69: =Lookup!D568 -> Otis St at Red Oak Ave | D69: =Lookup!E568 -> C | Q69: =IF(H69="",0,1)+IF(L69="",0,1)+IF(P69="",0,1) -> 0
B70: =Lookup!C385 -> 5067 | C70: =Lookup!D385 -> Mangum St at Geer St | D70: =Lookup!E385 -> C | Q70: =IF(H70="",0,1)+IF(L70="",0,1)+IF(P70="",0,1) -> 0
B71: =Lookup!C382 -> 5075 | C71: =Lookup!D382 -> Milton Rd at Eno Valley Elementary (SB) | D71: =Lookup!E382 -> C | Q71: =IF(H71="",0,1)+IF(L71="",0,1)+IF(P71="",0,1) -> 0
B72: =Lookup!C329 -> 5078 | C72: =Lookup!D329 -> Trent Dr at Duke Hospital South (WB) | D72: =Lookup!E329 -> B | Q72: =IF(H72="",0,1)+IF(L72="",0,1)+IF(P72="",0,1) -> 0
B73: =Lookup!C86 -> 5080 | C73: =Lookup!D86 -> Fayetteville St at Homeland Ave (NB) | D73: =Lookup!E86 -> A | Q73: =IF(H73="",0,1)+IF(L73="",0,1)+IF(P73="",0,1) -> 0
B74: =Lookup!C845 -> 5081 | C74: =Lookup!D845 -> Trent Dr at Duke Circle Parking Deck | D74: =Lookup!E845 -> C | Q74: =IF(H74="",0,1)+IF(L74="",0,1)+IF(P74="",0,1) -> 0
B75: =Lookup!C212 -> 5084 | C75: =Lookup!D212 -> Old Farm Rd at Roxboro St (JFK Towers) | D75: =Lookup!E212 -> B | Q75: =IF(H75="",0,1)+IF(L75="",0,1)+IF(P75="",0,1) -> 0
B76: =Lookup!C430 -> 5088 | C76: =Lookup!D430 -> S Alston Ave at Massey Ave (SB) | D76: =Lookup!E430 -> C | Q76: =IF(H76="",0,1)+IF(L76="",0,1)+IF(P76="",0,1) -> 0
B77: =Lookup!C873 -> 5089 | C77: =Lookup!D873 -> Duke St at Englewood Ave | D77: =Lookup!E873 -> C | Q77: =IF(H77="",0,1)+IF(L77="",0,1)+IF(P77="",0,1) -> 0
B78: =Lookup!C309 -> 5091 | C78: =Lookup!D309 -> E Club Blvd at Glenbrook Dr (SB) | D78: =Lookup!E309 -> B | Q78: =IF(H78="",0,1)+IF(L78="",0,1)+IF(P78="",0,1) -> 0
B79: =Lookup!C497 -> 5093 | C79: =Lookup!D497 -> University Dr at South Square Mall | D79: =Lookup!E497 -> C | Q79: =IF(H79="",0,1)+IF(L79="",0,1)+IF(P79="",0,1) -> 0
B80: =Lookup!C709 -> 5094 | C80: =Lookup!D709 -> Lakewood Ave at Blackwell St | D80: =Lookup!E709 -> C | Q80: =IF(H80="",0,1)+IF(L80="",0,1)+IF(P80="",0,1) -> 0
B81: =Lookup!C386 -> 5097 | C81: =Lookup!D386 -> Roxboro Rd at Murray Ave | D81: =Lookup!E386 -> C | Q81: =IF(H81="",0,1)+IF(L81="",0,1)+IF(P81="",0,1) -> 0
B82: =Lookup!C461 -> 5099 | C82: =Lookup!D461 -> Carver St at Patrick Henry Dr (EB) | D82: =Lookup!E461 -> C | Q82: =IF(H82="",0,1)+IF(L82="",0,1)+IF(P82="",0,1) -> 0
B83: =Lookup!C458 -> 5100 | C83: =Lookup!D458 -> Weaver St at Weaver St Park | D83: =Lookup!E458 -> C | Q83: =IF(H83="",0,1)+IF(L83="",0,1)+IF(P83="",0,1) -> 0
B84: =Lookup!C895 -> 5101 | C84: =Lookup!D895 -> E Club Blvd at Thorne St | D84: =Lookup!E895 -> C | Q84: =IF(H84="",0,1)+IF(L84="",0,1)+IF(P84="",0,1) -> 0
B85: =Lookup!C304 -> 5102 | C85: =Lookup!D304 -> Shirley St at Crest St | D85: =Lookup!E304 -> B | Q85: =IF(H85="",0,1)+IF(L85="",0,1)+IF(P85="",0,1) -> 0
B86: =Lookup!C29 -> 5105 | C86: =Lookup!D29 -> Duke Regional Hospital (NB) | D86: =Lookup!E29 -> A | Q86: =IF(H86="",0,1)+IF(L86="",0,1)+IF(P86="",0,1) -> 0
B87: =Lookup!C95 -> 5106 | C87: =Lookup!D95 -> Erwin Rd at Research Dr | D87: =Lookup!E95 -> A | Q87: =IF(H87="",0,1)+IF(L87="",0,1)+IF(P87="",0,1) -> 0
B88: =Lookup!C428 -> 5110 | C88: =Lookup!D428 -> Fayetteville Rd at Wortley Dr | D88: =Lookup!E428 -> C | Q88: =IF(H88="",0,1)+IF(L88="",0,1)+IF(P88="",0,1) -> 0
B89: =Lookup!C223 -> 5111 | C89: =Lookup!D223 -> Lawson St at Merrick St (Pearson Cafete | D89: =Lookup!E223 -> B | Q89: =IF(H89="",0,1)+IF(L89="",0,1)+IF(P89="",0,1) -> 0
B90: =Lookup!C598 -> 5112 | C90: =Lookup!D598 -> Angier Ave at Commonwealth St | D90: =Lookup!E598 -> C | Q90: =IF(H90="",0,1)+IF(L90="",0,1)+IF(P90="",0,1) -> 0
B91: =Lookup!C262 -> 5113 | C91: =Lookup!D262 -> Blackwell St at Forest Hills Apts (SB) | D91: =Lookup!E262 -> B | Q91: =IF(H91="",0,1)+IF(L91="",0,1)+IF(P91="",0,1) -> 0
B92: =Lookup!C352 -> 5115 | C92: =Lookup!D352 -> Alston Ave at Dayton St (SB) | D92: =Lookup!E352 -> B | Q92: =IF(H92="",0,1)+IF(L92="",0,1)+IF(P92="",0,1) -> 0
B93: =Lookup!C785 -> 5116 | C93: =Lookup!D785 -> Roxboro St at Duke St (Autozone) | D93: =Lookup!E785 -> C | Q93: =IF(H93="",0,1)+IF(L93="",0,1)+IF(P93="",0,1) -> 0
B94: =Lookup!C168 -> 5118 | C94: =Lookup!D168 -> Martin Luther King Jr Pkwy at Lake Camp | D94: =Lookup!E168 -> B | Q94: =IF(H94="",0,1)+IF(L94="",0,1)+IF(P94="",0,1) -> 0
B95: =Lookup!C208 -> 5119 | C95: =Lookup!D208 -> Roxboro Rd at Ellerbee St (NB) | D95: =Lookup!E208 -> B | Q95: =IF(H95="",0,1)+IF(L95="",0,1)+IF(P95="",0,1) -> 0
B96: =Lookup!C98 -> 5121 | C96: =Lookup!D98 -> University Dr at Weymouth St (Near) | D96: =Lookup!E98 -> A | Q96: =IF(H96="",0,1)+IF(L96="",0,1)+IF(P96="",0,1) -> 0
B97: =Lookup!C566 -> 5125 | C97: =Lookup!D566 -> Hillsborough Rd at W Knox St | D97: =Lookup!E566 -> C | Q97: =IF(H97="",0,1)+IF(L97="",0,1)+IF(P97="",0,1) -> 0
B98: =Lookup!C137 -> 5126 | C98: =Lookup!D137 -> Avondale Dr at E Knox St (SB) | D98: =Lookup!E137 -> A | Q98: =IF(H98="",0,1)+IF(L98="",0,1)+IF(P98="",0,1) -> 0
B99: =Lookup!C37 -> 5127 | C99: =Lookup!D37 -> Seven Oaks Rd at Riverview Shopping Center | D99: =Lookup!E37 -> A | Q99: =IF(H99="",0,1)+IF(L99="",0,1)+IF(P99="",0,1) -> 0
B100: =Lookup!C401 -> 5128 | C100: =Lookup!D401 -> Roxboro Rd at Monk Rd (SB) | D100: =Lookup!E401 -> C | Q100: =IF(H100="",0,1)+IF(L100="",0,1)+IF(P100="",0,1) -> 0
B101: =Lookup!C666 -> 5129 | C101: =Lookup!D666 -> NC 54 at The Hamptons Apts (WB) | D101: =Lookup!E666 -> C | Q101: =IF(H101="",0,1)+IF(L101="",0,1)+IF(P101="",0,1) -> 0
...

Sheet NOV 25
B1: BUS STOP MAINTENANCE TRACKER NOVEMBER 2025
B3: Bus Stop ID | C3: Bus Stop Locations | D3: Type | E3: Requested Service | F3: Service Request Received on | G3: Work Order sent to Contractor on | H3: Work Executed on (Mandatory) | I3: Requested Service | J3: Service Request Received on | K3: Work Order sent to Contractor on | L3: Work Executed on (Mandatory) | M3: Requested Service | N3: Service Request Received on | O3: Work Order sent to Contractor on | P3: Work Executed on (Mandatory) | Q3: Total number of Executions per Bus Stop
B4: =Lookup!C443 -> 1072 | C4: =Lookup!D443 -> Old Chapel Hill Rd at Garrett Rd (EB) | D4: =Lookup!E443 -> C | Q4: =IF(H4="",0,1)+IF(L4="",0,1)+IF(P4="",0,1) -> 0
B5: =Lookup!C776 -> 1074 | C5: =Lookup!D776 -> University Dr at American Red Cross | D5: =Lookup!E776 -> C | Q5: =IF(H5="",0,1)+IF(L5="",0,1)+IF(P5="",0,1) -> 0
B6: =Lookup!C273 -> 1075 | C6: =Lookup!D273 -> University Dr at Ivy Creek Blvd | D6: =Lookup!E273 -> B | Q6: =IF(H6="",0,1)+IF(L6="",0,1)+IF(P6="",0,1) -> 0
B7: =Lookup!C435 -> 1160 | C7: =Lookup!D435 -> NC 54 at Blanchard Rd (EB) | D7: =Lookup!E435 -> C | Q7: =IF(H7="",0,1)+IF(L7="",0,1)+IF(P7="",0,1) -> 0
B8: =Lookup!C510 -> 1161 | C8: =Lookup!D510 -> NC 54 at Residence Inn Blvd (EB) | D8: =Lookup!E510 -> C | Q8: =IF(H8="",0,1)+IF(L8="",0,1)+IF(P8="",0,1) -> 0
B9: =Lookup!C588 -> 1171 | C9: =Lookup!D588 -> NC 54 at Blanchard Rd (WB) | D9: =Lookup!E588 -> C | Q9: =IF(H9="",0,1)+IF(L9="",0,1)+IF(P9="",0,1) -> 0
B10: =Lookup!C545 -> 1175 | C10: =Lookup!D545 -> NC 54 at Fayetteville Rd (Duke Health) | D10: =Lookup!E545 -> C | Q10: =IF(H10="",0,1)+IF(L10="",0,1)+IF(P10="",0,1) -> 0
B11: =Lookup!C735 -> 1221 | C11: =Lookup!D735 -> Slater Rd at Page Rd (Imperial Point) | D11: =Lookup!E735 -> C | Q11: =IF(H11="",0,1)+IF(L11="",0,1)+IF(P11="",0,1) -> 0
B12: =Lookup!C877 -> 1222 | C12: =Lookup!D877 -> Slater Rd at Emperor Blvd (Chelsea Place) | D12: =Lookup!E877 -> C | Q12: =IF(H12="",0,1)+IF(L12="",0,1)+IF(P12="",0,1) -> 0
B13: =Lookup!C6 -> 1406 | C13: =Lookup!D6 -> Renaissance Pkwy at Southpoint Mall | D13: =Lookup!E6 -> A | Q13: =IF(H13="",0,1)+IF(L13="",0,1)+IF(P13="",0,1) -> 0
B14: =Lookup!C660 -> 1499 | C14: =Lookup!D660 -> Slater Rd at Page Rd (Coastal Credit Union) | D14: =Lookup!E660 -> C | Q14: =IF(H14="",0,1)+IF(L14="",0,1)+IF(P14="",0,1) -> 0
B15: =Lookup!C336 -> 1553 | C15: =Lookup!D336 -> Erwin Rd at Towerview Rd | D15: =Lookup!E336 -> B | Q15: =IF(H15="",0,1)+IF(L15="",0,1)+IF(P15="",0,1) -> 0
B16: =Lookup!C817 -> 1556 | C16: =Lookup!D817 -> NC 54 at New Millennium Way (EB) | D16: =Lookup!E817 -> C | Q16: =IF(H16="",0,1)+IF(L16="",0,1)+IF(P16="",0,1) -> 0
B17: =Lookup!C749 -> 1557 | C17: =Lookup!D749 -> NC 54 at New Millennium Way (WB) | D17: =Lookup!E749 -> C | Q17: =IF(H17="",0,1)+IF(L17="",0,1)+IF(P17="",0,1) -> 0
B18: =Lookup!C274 -> 1558 | C18: =Lookup!D274 -> Slater Rd at Creekstone Dr (Duke Medicine) | D18: =Lookup!E274 -> B | Q18: =IF(H18="",0,1)+IF(L18="",0,1)+IF(P18="",0,1) -> 0
B19: =Lookup!C892 -> 1563 | C19: =Lookup!D892 -> Slater Rd at Emperor Blvd (Bright Horiz | D19: =Lookup!E892 -> C | Q19: =IF(H19="",0,1)+IF(L19="",0,1)+IF(P19="",0,1) -> 0
B20: =Lookup!C565 -> 1566 | C20: =Lookup!D565 -> Slater Rd at S Miami Blvd (Zaxbys) | D20: =Lookup!E565 -> C | Q20: =IF(H20="",0,1)+IF(L20="",0,1)+IF(P20="",0,1) -> 0
B21: =Lookup!C869 -> 1732 | C21: =Lookup!D869 -> Stirrup Creek at Twin Creek Ct | D21: =Lookup!E869 -> C | Q21: =IF(H21="",0,1)+IF(L21="",0,1)+IF(P21="",0,1) -> 0
B22: =Lookup!C876 -> 1776 | C22: =Lookup!D876 -> Slater Rd at GoTriangle Admin Office | D22: =Lookup!E876 -> C | Q22: =IF(H22="",0,1)+IF(L22="",0,1)+IF(P22="",0,1) -> 0
B23: =Lookup!C777 -> 1777 | C23: =Lookup!D777 -> Slater Rd at Sheraton Hotel | D23: =Lookup!E777 -> C | Q23: =IF(H23="",0,1)+IF(L23="",0,1)+IF(P23="",0,1) -> 0
B24: =Lookup!C500 -> 1781 | C24: =Lookup!D500 -> NC 54 at Revere Rd (EB) | D24: =Lookup!E500 -> C | Q24: =IF(H24="",0,1)+IF(L24="",0,1)+IF(P24="",0,1) -> 0
B25: =Lookup!C738 -> 1804 | C25: =Lookup!D738 -> Renaissance Pkwy at Leonardo Dr (WB) | D25: =Lookup!E738 -> C | Q25: =IF(H25="",0,1)+IF(L25="",0,1)+IF(P25="",0,1) -> 0
B26: =Lookup!C374 -> 1805 | C26: =Lookup!D374 -> NC 54 at Amhurst St | D26: =Lookup!E374 -> C | Q26: =IF(H26="",0,1)+IF(L26="",0,1)+IF(P26="",0,1) -> 0
B27: =Lookup!C893 -> 1860 | C27: =Lookup!D893 -> NC 54 at Park Dr (EB) | D27: =Lookup!E893 -> C | Q27: =IF(H27="",0,1)+IF(L27="",0,1)+IF(P27="",0,1) -> 0
B28: =Lookup!C888 -> 1861 | C28: =Lookup!D888 -> NC 54 at Park Dr (First Citizens Bank) | D28: =Lookup!E888 -> C | Q28: =IF(H28="",0,1)+IF(L28="",0,1)+IF(P28="",0,1) -> 0
B29: =Lookup!C879 -> 1863 | C29: =Lookup!D879 -> NC 54 at Park Office Dr (The Frontier) | D29: =Lookup!E879 -> C | Q29: =IF(H29="",0,1)+IF(L29="",0,1)+IF(P29="",0,1) -> 0
B30: =Lookup!C857 -> 1864 | C30: =Lookup!D857 -> NC 54 at Research Triangle High School | D30: =Lookup!E857 -> C | Q30: =IF(H30="",0,1)+IF(L30="",0,1)+IF(P30="",0,1) -> 0
B31: =Lookup!C740 -> 1865 | C31: =Lookup!D740 -> NC 54 at Triangle Dr (WB) | D31: =Lookup!E740 -> C | Q31: =IF(H31="",0,1)+IF(L31="",0,1)+IF(P31="",0,1) -> 0
B32: =Lookup!C353 -> 1866 | C32: =Lookup!D353 -> NC 54 at Triangle Dr (EB) | D32: =Lookup!E353 -> C | Q32: =IF(H32="",0,1)+IF(L32="",0,1)+IF(P32="",0,1) -> 0
B33: =Lookup!C202 -> 1892 | C33: =Lookup!D202 -> Fayetteville Rd at Renaissance Pkwy | D33: =Lookup!E202 -> B | Q33: =IF(H33="",0,1)+IF(L33="",0,1)+IF(P33="",0,1) -> 0
B34: =Lookup!C479 -> 1893 | C34: =Lookup!D479 -> NC 54 at The Hamptons Apts (EB) | D34: =Lookup!E479 -> C | Q34: =IF(H34="",0,1)+IF(L34="",0,1)+IF(P34="",0,1) -> 0
B35: =Lookup!C61 -> 1901 | C35: =Lookup!D61 -> McFarland Dr at Witherspoon Blvd (Patte | D35: =Lookup!E61 -> A | Q35: =IF(H35="",0,1)+IF(L35="",0,1)+IF(P35="",0,1) -> 0
B36: =Lookup!C595 -> 1914 | C36: =Lookup!D595 -> University Dr at University Pl (EB) | D36: =Lookup!E595 -> C | Q36: =IF(H36="",0,1)+IF(L36="",0,1)+IF(P36="",0,1) -> 0
B37: =Lookup!C611 -> 5002 | C37: =Lookup!D611 -> Riddle Rd at Ancroft Ave (NB) | D37: =Lookup!E611 -> C | Q37: =IF(H37="",0,1)+IF(L37="",0,1)+IF(P37="",0,1) -> 0
B38: =Lookup!C201 -> 5004 | C38: =Lookup!D201 -> Alston Ave at Main St | D38: =Lookup!E201 -> B | Q38: =IF(H38="",0,1)+IF(L38="",0,1)+IF(P38="",0,1) -> 0
B39: =Lookup!C838 -> 5005 | C39: =Lookup!D838 -> Cornwallis Rd at Industry Ln | D39: =Lookup!E838 -> C | Q39: =IF(H39="",0,1)+IF(L39="",0,1)+IF(P39="",0,1) -> 0
B40: =Lookup!C889 -> 5006 | C40: =Lookup!D889 -> Alston Ave at Durham Freeway (NB) | D40: =Lookup!E889 -> C | Q40: =IF(H40="",0,1)+IF(L40="",0,1)+IF(P40="",0,1) -> 0
B41: =Lookup!C240 -> 5008 | C41: =Lookup!D240 -> S Alston Ave at Massey Ave (NB) | D41: =Lookup!E240 -> B | Q41: =IF(H41="",0,1)+IF(L41="",0,1)+IF(P41="",0,1) -> 0
B42: =Lookup!C466 -> 5017 | C42: =Lookup!D466 -> Chapel Hill Rd at McGehee St (NB) | D42: =Lookup!E466 -> C | Q42: =IF(H42="",0,1)+IF(L42="",0,1)+IF(P42="",0,1) -> 0
B43: =Lookup!C821 -> 5018 | C43: =Lookup!D821 -> Morehead Ave at Vickers Ave (WB) | D43: =Lookup!E821 -> C | Q43: =IF(H43="",0,1)+IF(L43="",0,1)+IF(P43="",0,1) -> 0
B44: =Lookup!C191 -> 5019 | C44: =Lookup!D191 -> Club Blvd at Chandlers Garage | D44: =Lookup!E191 -> B | Q44: =IF(H44="",0,1)+IF(L44="",0,1)+IF(P44="",0,1) -> 0
B45: =Lookup!C478 -> 5020 | C45: =Lookup!D478 -> Fayetteville Rd at Laurel Springs Dr | D45: =Lookup!E478 -> C | Q45: =IF(H45="",0,1)+IF(L45="",0,1)+IF(P45="",0,1) -> 0
B46: =Lookup!C482 -> 5021 | C46: =Lookup!D482 -> Chapel Hill Rd at W Cornwallis Rd (SB1) | D46: =Lookup!E482 -> C | Q46: =IF(H46="",0,1)+IF(L46="",0,1)+IF(P46="",0,1) -> 0
B47: =Lookup!C646 -> 5022 | C47: =Lookup!D646 -> N Alston Ave at Drew St (SB) | D47: =Lookup!E646 -> C | Q47: =IF(H47="",0,1)+IF(L47="",0,1)+IF(P47="",0,1) -> 0
B48: =Lookup!C669 -> 5023 | C48: =Lookup!D669 -> Avondale Dr at E Markham Ave (SB) | D48: =Lookup!E669 -> C | Q48: =IF(H48="",0,1)+IF(L48="",0,1)+IF(P48="",0,1) -> 0
B49: =Lookup!C739 -> 5027 | C49: =Lookup!D739 -> Club Blvd at Gregson St | D49: =Lookup!E739 -> C | Q49: =IF(H49="",0,1)+IF(L49="",0,1)+IF(P49="",0,1) -> 0
B50: =Lookup!C408 -> 5030 | C50: =Lookup!D408 -> Duke St at Main St | D50: =Lookup!E408 -> C | Q50: =IF(H50="",0,1)+IF(L50="",0,1)+IF(P50="",0,1) -> 0
B51: =Lookup!C529 -> 5031 | C51: =Lookup!D529 -> Carver St at Guess Rd | D51: =Lookup!E529 -> C | Q51: =IF(H51="",0,1)+IF(L51="",0,1)+IF(P51="",0,1) -> 0
B52: =Lookup!C894 -> 5032 | C52: =Lookup!D894 -> Roxboro Rd at Hammond St | D52: =Lookup!E894 -> C | Q52: =IF(H52="",0,1)+IF(L52="",0,1)+IF(P52="",0,1) -> 0
B53: =Lookup!C131 -> 5033 | C53: =Lookup!D131 -> Roxboro Rd at Bush Dr | D53: =Lookup!E131 -> A | Q53: =IF(H53="",0,1)+IF(L53="",0,1)+IF(P53="",0,1) -> 0
B54: =Lookup!C762 -> 5035 | C54: =Lookup!D762 -> Angier Ave at Pleasant Dr | D54: =Lookup!E762 -> C | Q54: =IF(H54="",0,1)+IF(L54="",0,1)+IF(P54="",0,1) -> 0
B55: =Lookup!C856 -> 5038 | C55: =Lookup!D856 -> Liberty St at Queen St | D55: =Lookup!E856 -> C | Q55: =IF(H55="",0,1)+IF(L55="",0,1)+IF(P55="",0,1) -> 0
B56: =Lookup!C136 -> 5039 | C56: =Lookup!D136 -> Fayetteville St at Piedmont Ave (SB) | D56: =Lookup!E136 -> A | Q56: =IF(H56="",0,1)+IF(L56="",0,1)+IF(P56="",0,1) -> 0
B57: =Lookup!C205 -> 5042 | C57: =Lookup!D205 -> University Dr at Weymouth St (WB) | D57: =Lookup!E205 -> B | Q57: =IF(H57="",0,1)+IF(L57="",0,1)+IF(P57="",0,1) -> 0
B58: =Lookup!C335 -> 5043 | C58: =Lookup!D335 -> Holloway St at Adams St (EB) | D58: =Lookup!E335 -> B | Q58: =IF(H58="",0,1)+IF(L58="",0,1)+IF(P58="",0,1) -> 0
B59: =Lookup!C397 -> 5044 | C59: =Lookup!D397 -> Duke St at Harper Pl | D59: =Lookup!E397 -> C | Q59: =IF(H59="",0,1)+IF(L59="",0,1)+IF(P59="",0,1) -> 0
B60: =Lookup!C668 -> 5045 | C60: =Lookup!D668 -> Roxboro Rd at Edgewood Dr | D60: =Lookup!E668 -> C | Q60: =IF(H60="",0,1)+IF(L60="",0,1)+IF(P60="",0,1) -> 0
B61: =Lookup!C755 -> 5047 | C61: =Lookup!D755 -> Roxboro Rd at Markham Ave (south) | D61: =Lookup!E755 -> C | Q61: =IF(H61="",0,1)+IF(L61="",0,1)+IF(P61="",0,1) -> 0
B62: =Lookup!C833 -> 5048 | C62: =Lookup!D833 -> Chapel Hill Rd at Pinecrest Rd | D62: =Lookup!E833 -> C | Q62: =IF(H62="",0,1)+IF(L62="",0,1)+IF(P62="",0,1) -> 0
B63: =Lookup!C602 -> 5054 | C63: =Lookup!D602 -> University Dr at Larchmont Dr | D63: =Lookup!E602 -> C | Q63: =IF(H63="",0,1)+IF(L63="",0,1)+IF(P63="",0,1) -> 0
B64: =Lookup!C782 -> 5055 | C64: =Lookup!D782 -> Gregson St at Englewood Ave | D64: =Lookup!E782 -> C | Q64: =IF(H64="",0,1)+IF(L64="",0,1)+IF(P64="",0,1) -> 0
B65: =Lookup!C629 -> 5056 | C65: =Lookup!D629 -> Lawson St at Sima Ave (EB) | D65: =Lookup!E629 -> C | Q65: =IF(H65="",0,1)+IF(L65="",0,1)+IF(P65="",0,1) -> 0
B66: =Lookup!C719 -> 5057 | C66: =Lookup!D719 -> Angier Ave at Driver St (EB) | D66: =Lookup!E719 -> C | Q66: =IF(H66="",0,1)+IF(L66="",0,1)+IF(P66="",0,1) -> 0
B67: =Lookup!C537 -> 5060 | C67: =Lookup!D537 -> Dearborn Dr at Ruth St | D67: =Lookup!E537 -> C | Q67: =IF(H67="",0,1)+IF(L67="",0,1)+IF(P67="",0,1) -> 0
B68: =Lookup!C171 -> 5063 | C68: =Lookup!D171 -> NC 54 at Residence Inn Blvd (WB) | D68: =Lookup!E171 -> B | Q68: =IF(H68="",0,1)+IF(L68="",0,1)+IF(P68="",0,1) -> 0
B69: =Lookup!C568 -> 5064 | C69: =Lookup!D568 -> Otis St at Red Oak Ave | D69: =Lookup!E568 -> C | Q69: =IF(H69="",0,1)+IF(L69="",0,1)+IF(P69="",0,1) -> 0
B70: =Lookup!C385 -> 5067 | C70: =Lookup!D385 -> Mangum St at Geer St | D70: =Lookup!E385 -> C | Q70: =IF(H70="",0,1)+IF(L70="",0,1)+IF(P70="",0,1) -> 0
B71: =Lookup!C382 -> 5075 | C71: =Lookup!D382 -> Milton Rd at Eno Valley Elementary (SB) | D71: =Lookup!E382 -> C | Q71: =IF(H71="",0,1)+IF(L71="",0,1)+IF(P71="",0,1) -> 0
B72: =Lookup!C329 -> 5078 | C72: =Lookup!D329 -> Trent Dr at Duke Hospital South (WB) | D72: =Lookup!E329 -> B | Q72: =IF(H72="",0,1)+IF(L72="",0,1)+IF(P72="",0,1) -> 0
B73: =Lookup!C86 -> 5080 | C73: =Lookup!D86 -> Fayetteville St at Homeland Ave (NB) | D73: =Lookup!E86 -> A | Q73: =IF(H73="",0,1)+IF(L73="",0,1)+IF(P73="",0,1) -> 0
B74: =Lookup!C845 -> 5081 | C74: =Lookup!D845 -> Trent Dr at Duke Circle Parking Deck | D74: =Lookup!E845 -> C | Q74: =IF(H74="",0,1)+IF(L74="",0,1)+IF(P74="",0,1) -> 0
B75: =Lookup!C212 -> 5084 | C75: =Lookup!D212 -> Old Farm Rd at Roxboro St (JFK Towers) | D75: =Lookup!E212 -> B | Q75: =IF(H75="",0,1)+IF(L75="",0,1)+IF(P75="",0,1) -> 0
B76: =Lookup!C430 -> 5088 | C76: =Lookup!D430 -> S Alston Ave at Massey Ave (SB) | D76: =Lookup!E430 -> C | Q76: =IF(H76="",0,1)+IF(L76="",0,1)+IF(P76="",0,1) -> 0
B77: =Lookup!C873 -> 5089 | C77: =Lookup!D873 -> Duke St at Englewood Ave | D77: =Lookup!E873 -> C | Q77: =IF(H77="",0,1)+IF(L77="",0,1)+IF(P77="",0,1) -> 0
B78: =Lookup!C309 -> 5091 | C78: =Lookup!D309 -> E Club Blvd at Glenbrook Dr (SB) | D78: =Lookup!E309 -> B | Q78: =IF(H78="",0,1)+IF(L78="",0,1)+IF(P78="",0,1) -> 0
B79: =Lookup!C497 -> 5093 | C79: =Lookup!D497 -> University Dr at South Square Mall | D79: =Lookup!E497 -> C | Q79: =IF(H79="",0,1)+IF(L79="",0,1)+IF(P79="",0,1) -> 0
B80: =Lookup!C709 -> 5094 | C80: =Lookup!D709 -> Lakewood Ave at Blackwell St | D80: =Lookup!E709 -> C | Q80: =IF(H80="",0,1)+IF(L80="",0,1)+IF(P80="",0,1) -> 0
B81: =Lookup!C386 -> 5097 | C81: =Lookup!D386 -> Roxboro Rd at Murray Ave | D81: =Lookup!E386 -> C | Q81: =IF(H81="",0,1)+IF(L81="",0,1)+IF(P81="",0,1) -> 0
B82: =Lookup!C461 -> 5099 | C82: =Lookup!D461 -> Carver St at Patrick Henry Dr (EB) | D82: =Lookup!E461 -> C | Q82: =IF(H82="",0,1)+IF(L82="",0,1)+IF(P82="",0,1) -> 0
B83: =Lookup!C458 -> 5100 | C83: =Lookup!D458 -> Weaver St at Weaver St Park | D83: =Lookup!E458 -> C | Q83: =IF(H83="",0,1)+IF(L83="",0,1)+IF(P83="",0,1) -> 0
B84: =Lookup!C895 -> 5101 | C84: =Lookup!D895 -> E Club Blvd at Thorne St | D84: =Lookup!E895 -> C | Q84: =IF(H84="",0,1)+IF(L84="",0,1)+IF(P84="",0,1) -> 0
B85: =Lookup!C304 -> 5102 | C85: =Lookup!D304 -> Shirley St at Crest St | D85: =Lookup!E304 -> B | Q85: =IF(H85="",0,1)+IF(L85="",0,1)+IF(P85="",0,1) -> 0
B86: =Lookup!C29 -> 5105 | C86: =Lookup!D29 -> Duke Regional Hospital (NB) | D86: =Lookup!E29 -> A | Q86: =IF(H86="",0,1)+IF(L86="",0,1)+IF(P86="",0,1) -> 0
B87: =Lookup!C95 -> 5106 | C87: =Lookup!D95 -> Erwin Rd at Research Dr | D87: =Lookup!E95 -> A | Q87: =IF(H87="",0,1)+IF(L87="",0,1)+IF(P87="",0,1) -> 0
B88: =Lookup!C428 -> 5110 | C88: =Lookup!D428 -> Fayetteville Rd at Wortley Dr | D88: =Lookup!E428 -> C | Q88: =IF(H88="",0,1)+IF(L88="",0,1)+IF(P88="",0,1) -> 0
B89: =Lookup!C223 -> 5111 | C89: =Lookup!D223 -> Lawson St at Merrick St (Pearson Cafete | D89: =Lookup!E223 -> B | Q89: =IF(H89="",0,1)+IF(L89="",0,1)+IF(P89="",0,1) -> 0
B90: =Lookup!C598 -> 5112 | C90: =Lookup!D598 -> Angier Ave at Commonwealth St | D90: =Lookup!E598 -> C | Q90: =IF(H90="",0,1)+IF(L90="",0,1)+IF(P90="",0,1) -> 0
B91: =Lookup!C262 -> 5113 | C91: =Lookup!D262 -> Blackwell St at Forest Hills Apts (SB) | D91: =Lookup!E262 -> B | Q91: =IF(H91="",0,1)+IF(L91="",0,1)+IF(P91="",0,1) -> 0
B92: =Lookup!C352 -> 5115 | C92: =Lookup!D352 -> Alston Ave at Dayton St (SB) | D92: =Lookup!E352 -> B | Q92: =IF(H92="",0,1)+IF(L92="",0,1)+IF(P92="",0,1) -> 0
B93: =Lookup!C785 -> 5116 | C93: =Lookup!D785 -> Roxboro St at Duke St (Autozone) | D93: =Lookup!E785 -> C | Q93: =IF(H93="",0,1)+IF(L93="",0,1)+IF(P93="",0,1) -> 0
B94: =Lookup!C168 -> 5118 | C94: =Lookup!D168 -> Martin Luther King Jr Pkwy at Lake Camp | D94: =Lookup!E168 -> B | Q94: =IF(H94="",0,1)+IF(L94="",0,1)+IF(P94="",0,1) -> 0
B95: =Lookup!C208 -> 5119 | C95: =Lookup!D208 -> Roxboro Rd at Ellerbee St (NB) | D95: =Lookup!E208 -> B | Q95: =IF(H95="",0,1)+IF(L95="",0,1)+IF(P95="",0,1) -> 0
B96: =Lookup!C98 -> 5121 | C96: =Lookup!D98 -> University Dr at Weymouth St (Near) | D96: =Lookup!E98 -> A | Q96: =IF(H96="",0,1)+IF(L96="",0,1)+IF(P96="",0,1) -> 0
B97: =Lookup!C566 -> 5125 | C97: =Lookup!D566 -> Hillsborough Rd at W Knox St | D97: =Lookup!E566 -> C | Q97: =IF(H97="",0,1)+IF(L97="",0,1)+IF(P97="",0,1) -> 0
B98: =Lookup!C137 -> 5126 | C98: =Lookup!D137 -> Avondale Dr at E Knox St (SB) | D98: =Lookup!E137 -> A | Q98: =IF(H98="",0,1)+IF(L98="",0,1)+IF(P98="",0,1) -> 0
B99: =Lookup!C37 -> 5127 | C99: =Lookup!D37 -> Seven Oaks Rd at Riverview Shopping Center | D99: =Lookup!E37 -> A | Q99: =IF(H99="",0,1)+IF(L99="",0,1)+IF(P99="",0,1) -> 0
B100: =Lookup!C401 -> 5128 | C100: =Lookup!D401 -> Roxboro Rd at Monk Rd (SB) | D100: =Lookup!E401 -> C | Q100: =IF(H100="",0,1)+IF(L100="",0,1)+IF(P100="",0,1) -> 0
B101: =Lookup!C666 -> 5129 | C101: =Lookup!D666 -> NC 54 at The Hamptons Apts (WB) | D101: =Lookup!E666 -> C | Q101: =IF(H101="",0,1)+IF(L101="",0,1)+IF(P101="",0,1) -> 0
...

Sheet DEC 25
B1: BUS STOP MAINTENANCE TRACKER DECEMBER 2025
B3: Bus Stop ID | C3: Bus Stop Locations | D3: Type | E3: Requested Service | F3: Service Request Received on | G3: Work Order sent to Contractor on | H3: Work Executed on (Mandatory) | I3: Requested Service | J3: Service Request Received on | K3: Work Order sent to Contractor on | L3: Work Executed on (Mandatory) | M3: Requested Service | N3: Service Request Received on | O3: Work Order sent to Contractor on | P3: Work Executed on (Mandatory) | Q3: Total number of Executions per Bus Stop
B4: =Lookup!C443 -> 1072 | C4: =Lookup!D443 -> Old Chapel Hill Rd at Garrett Rd (EB) | D4: =Lookup!E443 -> C | Q4: =IF(H4="",0,1)+IF(L4="",0,1)+IF(P4="",0,1) -> 0
B5: =Lookup!C776 -> 1074 | C5: =Lookup!D776 -> University Dr at American Red Cross | D5: =Lookup!E776 -> C | Q5: =IF(H5="",0,1)+IF(L5="",0,1)+IF(P5="",0,1) -> 0
B6: =Lookup!C273 -> 1075 | C6: =Lookup!D273 -> University Dr at Ivy Creek Blvd | D6: =Lookup!E273 -> B | Q6: =IF(H6="",0,1)+IF(L6="",0,1)+IF(P6="",0,1) -> 0
B7: =Lookup!C435 -> 1160 | C7: =Lookup!D435 -> NC 54 at Blanchard Rd (EB) | D7: =Lookup!E435 -> C | Q7: =IF(H7="",0,1)+IF(L7="",0,1)+IF(P7="",0,1) -> 0
B8: =Lookup!C510 -> 1161 | C8: =Lookup!D510 -> NC 54 at Residence Inn Blvd (EB) | D8: =Lookup!E510 -> C | Q8: =IF(H8="",0,1)+IF(L8="",0,1)+IF(P8="",0,1) -> 0
B9: =Lookup!C588 -> 1171 | C9: =Lookup!D588 -> NC 54 at Blanchard Rd (WB) | D9: =Lookup!E588 -> C | Q9: =IF(H9="",0,1)+IF(L9="",0,1)+IF(P9="",0,1) -> 0
B10: =Lookup!C545 -> 1175 | C10: =Lookup!D545 -> NC 54 at Fayetteville Rd (Duke Health) | D10: =Lookup!E545 -> C | Q10: =IF(H10="",0,1)+IF(L10="",0,1)+IF(P10="",0,1) -> 0
B11: =Lookup!C735 -> 1221 | C11: =Lookup!D735 -> Slater Rd at Page Rd (Imperial Point) | D11: =Lookup!E735 -> C | Q11: =IF(H11="",0,1)+IF(L11="",0,1)+IF(P11="",0,1) -> 0
B12: =Lookup!C877 -> 1222 | C12: =Lookup!D877 -> Slater Rd at Emperor Blvd (Chelsea Place) | D12: =Lookup!E877 -> C | Q12: =IF(H12="",0,1)+IF(L12="",0,1)+IF(P12="",0,1) -> 0
B13: =Lookup!C6 -> 1406 | C13: =Lookup!D6 -> Renaissance Pkwy at Southpoint Mall | D13: =Lookup!E6 -> A | Q13: =IF(H13="",0,1)+IF(L13="",0,1)+IF(P13="",0,1) -> 0
B14: =Lookup!C660 -> 1499 | C14: =Lookup!D660 -> Slater Rd at Page Rd (Coastal Credit Union) | D14: =Lookup!E660 -> C | Q14: =IF(H14="",0,1)+IF(L14="",0,1)+IF(P14="",0,1) -> 0
